BBOL.r,BBOL.r,ID#,Player Name,Bat Pow,Bat Con,Run,Speed,Arm Str,Arm Acc,Eye,Height,Coord,Attn,Aggr,Stamina,Int,Heat,S.Ball,L.Hook,R.Hook,C.Screw,Zig-Zag,B.Freeze,Fireball,Spitball,C.Ball,Slo-mo,Elevator,Bats,Throws,Gender,B-Day Month,B-Day Day,Nickname,,Offense,Speed,Defense,Pitching,Pitching (Cal),Best Position,OF,3B,SS/2B,1B,C,,Heat,,,,,H,S.Ball,,,,,S,L.Hook,,,,,L,R.Hook,,,,,R,Description of the Player,Pitching Type,B,R,P,F
1,TAKEN,81,Julie Dunkel,100,50,100,9,82,64,12,2,80,34,22,76,1,61,100,75,0,0,73,0,44,0,26,26,72,Left,Left,Girl,,,,,98,100,85,74,83,OF / P,89,84,86,65,79,,-37,3,13,115,59,47.0,-76,2,38,15,94.6,75.7,-51,2,26,59,78.9,63.1,24,2,0,279,0.0,0.0,"Max power + max speed, great pitcher, great fielder. Low eye and attn is a bit weird",,10,10,8,7
1,TAKEN,131,Henri Deschenes,100,50,100,9,82,64,12,2,80,34,22,76,1,61,100,75,0,0,0,73,0,44,0,26,72,Left,Left,Boy,,,,,98,100,85,74,83,OF / P,89,84,86,65,79,,-37,3,13,115,59,47.0,-76,2,38,15,94.6,75.7,-51,2,26,59,78.9,63.1,24,2,0,279,0.0,0.0,"Max power + max speed, great pitcher, great fielder. Low eye and attn is a bit weird",,10,10,8,7
3,TAKEN,86,Leah Wayne,100,63,95,7,72,78,35,2,100,71,56,54,55,90,74,28,100,0,27,0,0,0,50,50,0,Right,Right,Girl,,,,,97,75,76,81,81,P,84,73,76,70,72,,-66,3,22,40,86,68.5,-50,2,25,55,80.3,64.2,-4,2,2,212,24.0,19.2,-76,2,38,16,94.3,75.4,"Max power + fast, top tier pitcher, good fielder. Hard to go wrong",,10,10,9,10
3,TAKEN,136,Jay Green,100,63,95,7,72,78,35,2,100,71,56,54,55,90,74,28,100,0,0,27,0,0,0,50,0,Right,Right,Boy,,,,,97,75,76,81,81,P,84,73,76,70,72,,-66,3,22,40,86,68.5,-50,2,25,55,80.3,64.2,-4,2,2,212,24.0,19.2,-76,2,38,16,94.3,75.4,"Max power + fast, top tier pitcher, good fielder. Hard to go wrong",,10,10,9,10
5,TAKEN,180,Lindsy Felgate,95,72,96,8,54,100,79,2,10,84,8,79,13,100,8,10,74,73,0,44,0,26,0,87,65,Right,Right,Girl,,,,,99,88,68,60,73,OF,88,96,96,85,88,,-76,3,26,22,92,73.7,16,2,0,279,0.0,0.0,14,2,0,279,0.0,0.0,-50,2,25,85,69.5,55.6,"Elite power + speed, good outfielder, decent pitcher. Tends to trip on the basepath a lot",,10,10,7,3
6,TAKEN,36,Sammy Sosa,100,50,79,6,98,60,69,3,60,62,82,65,50,12,42,25,86,46,19,23,90,50,0,82,0,Right,Right,Boy,Nov,12,Slammin',,94,60,92,50,50,3B / SS,88,96,96,85,88,,12,3,0,279,0,0.0,-18,2,9,152,45.5,36.4,-1,2,1,221,20.8,16.6,-62,2,31,44,84.2,67.4,"Max power, top tier fielding, the best offense + defense combo",,10,8,5,7
6,TAKEN,237,Cheryl Reynolds,100,50,79,6,98,60,69,3,60,62,82,65,50,12,42,25,86,46,19,23,90,50,0,82,0,Right,Right,Girl,,,,,94,60,92,50,50,3B / SS,90,57,57,66,57,,12,3,0,279,0,0.0,-18,2,9,152,45.5,36.4,-1,2,1,221,20.8,16.6,-62,2,31,44,84.2,67.4,"Max power, top tier fielding, the best offense + defense combo",,10,8,5,7
8,TAKEN,20,Pete Wheeler,80,50,100,9,82,64,12,4,80,34,12,76,1,20,25,30,0,0,73,0,44,0,0,26,72,Left,Left,Boy,Oct,13,Wheelie,,92,100,95,17,17,OF,95,95,91,98,72,,4,3,0,279,0,0.0,-1,2,1,215,22.9,18.4,-6,2,3,202,27.6,22.1,24,2,0,279,0.0,0.0,"Max speed, top tier fielder, good hitter. Poor eye and attn can be awkward to play with",,8,10,2,7
9,TAKEN,118,Chico Pappas,95,95,95,7,44,52,91,2,30,85,41,60,98,10,34,47,86,0,0,89,0,31,41,0,0,Right,Right,Boy,,,,,99,75,62,54,54,OF,84,50,50,64,48,,14,3,0,279,0,0.0,-10,2,5,186,33.3,26.7,-23,2,12,155,44.4,35.6,-62,2,31,44,84.2,67.4,"Top tier offensive player, still okay as an outfielder even if not great",,10,10,5,4
10,TAKEN,58,Jose Canseco,100,19,70,6,80,80,90,4,10,50,81,95,40,28,45,0,75,0,60,44,0,86,39,0,0,Right,Right,Boy,Jul,2,No Way,,93,60,88,49,64,1B / OF,91,86,79,97,69,,-4,2,2,208,25,25.4,-21,2,11,142,49.1,39.3,24,2,0,279,0.0,0.0,-51,2,26,75,73.1,58.5,"Max power, great eyesight, good fielder, best non-specialized 1B in the game",,8,8,6,4
10,TAKEN,259,Tonya Lesco,100,19,70,6,80,80,90,4,10,50,81,95,40,28,45,0,75,0,60,44,0,86,39,0,0,Right,Right,Girl,,,,,93,60,88,49,64,1B / OF,91,86,79,97,69,,-4,2,2,208,25,25.4,-21,2,11,142,49.1,39.3,24,2,0,279,0.0,0.0,-51,2,26,75,73.1,58.5,"Max power, great eyesight, good fielder, best non-specialized 1B in the game",,8,8,6,4
12,TAKEN,56,Ken Griffey Jr.,100,37,73,6,74,76,55,3,100,53,79,70,93,48,45,73,0,0,81,0,58,70,0,0,71,Left,Left,Boy,Nov,21,Junior,,93,60,76,52,52,3B / SS,71,75,73,80,71,,-24,3,8,156,44,35.3,-21,2,11,142,49.1,39.3,-49,2,25,77,72.4,57.9,24,2,0,279,0.0,0.0,"Max power, good fielder, recovers from errors pretty quickly",,9,8,5,10
12,TAKEN,257,Susan Gore,100,37,73,6,74,76,55,3,100,53,79,70,93,48,45,73,0,0,81,0,58,70,0,0,71,Left,Left,Girl,,,,,93,60,76,52,52,3B / SS,71,75,73,80,71,,-24,3,8,156,44,35.3,-21,2,11,142,49.1,39.3,-49,2,25,77,72.4,57.9,24,2,0,279,0.0,0.0,"Max power, good fielder, recovers from errors pretty quickly",,9,8,5,10
14,TAKEN,50,Derek Jeter,79,72,81,7,98,82,77,3,100,73,63,48,53,38,12,0,80,55,0,0,0,0,35,0,0,Right,Right,Boy,Jun,26,D.J.,,88,75,99,36,36,any,99,99,99,93,91,,-14,3,5,177,37,29.2,12,2,0,279,0.0,0.0,24,2,0,279,0.0,0.0,-56,2,28,59,78.9,63.1,"Best fielder in the game (not immune to errors), great line drive hitter with some speed",,8,9,3,10
14,TAKEN,251,Marilyn McDonnell,79,72,81,7,98,82,77,3,100,73,63,48,53,38,12,0,80,55,0,0,0,0,35,0,0,Right,Right,Girl,,,,,88,75,99,36,36,any,99,99,99,93,91,,-14,3,5,177,37,29.2,12,2,0,279,0.0,0.0,24,2,0,279,0.0,0.0,-56,2,28,59,78.9,63.1,"Best fielder in the game (not immune to errors), great line drive hitter with some speed",,8,9,3,10
16,TAKEN,10,Kiesha Phillips,87,67,82,7,86,51,21,4,70,62,63,34,40,100,20,24,30,55,0,0,0,0,35,0,0,Right,Right,Girl,Apr,2,Flash,,90,75,96,36,36,any,95,97,95,98,73,,-76,3,26,22,92,73.7,4,2,0,279,0.0,0.0,0,2,0,279,0.0,0.0,-6,2,3,182,34.8,27.8,"Top tier fielder, good batter, one of two tall fast people",,9,9,4,6
17,TAKEN,17,Achmed Khan,95,84,66,6,30,29,38,3,80,8,73,43,49,51,17,50,0,93,100,53,0,0,0,75,47,Right,Right,Boy,Jul,11,Axeman,,92,60,64,29,29,1B,56,35,24,72,38,,-27,3,9,150,46,37.0,7,2,0,279,0.0,0.0,-26,2,13,140,49.8,39.9,24,2,0,279,0.0,0.0,"Top off. specialist, only competent at 1B, Amir Khan boost inflates his draft stock",,10,7,2,6
18,TAKEN,111,Zena Fromme,100,89,58,5,68,71,49,2,80,40,50,70,55,60,25,0,85,0,0,0,78,78,56,0,100,Right,Right,Girl,,,,,99,46,51,50,50,2B / 3B,37,45,47,32,61,,-36,3,12,126,55,43.9,-1,2,1,215,22.9,18.4,24,2,0,279,0.0,0.0,-61,2,31,44,84.2,67.4,"Max power, Best batter in the game, probably will get walked a lot",,10,6,5,8
18,TAKEN,161,Zenon Estrada,100,89,58,5,68,71,49,2,80,40,50,70,55,60,25,0,85,0,0,0,78,56,56,0,100,Right,Right,Boy,,,,,99,46,51,50,50,2B / 3B,37,45,47,32,61,,-36,3,12,126,55,43.9,-1,2,1,215,22.9,18.4,24,2,0,279,0.0,0.0,-61,2,31,44,84.2,67.4,"Max power, Best batter in the game, probably will get walked a lot",,10,6,5,8
20,TAKEN,208,Marsellus Marx,95,75,95,7,42,42,47,2,70,98,43,14,78,100,60,57,37,81,0,58,0,0,0,62,0,Right,Right,Boy,,,,,95,75,60,53,64,OF,70,50,52,68,47,,-76,4,19,64,77,38.5,-36,2,18,99,64.5,51.6,-33,2,17,128,54.1,43.3,-13,2,7,166,40.5,32.4,"Top tier offensive stats, gets tired pretty quickly playing any position",,10,10,6,6
21,TAKEN,45,Raul Mondesi,82,48,87,7,100,79,53,3,60,25,63,100,78,30,30,0,68,25,0,18,96,0,0,0,0,Right,Right,Boy,Mar,12,Tuesdesi,,85,75,98,55,55,any,97,98,98,87,96,,-6,2,3,189,32,32.3,-6,1,6,175,37.3,37.3,24,1,0,279,0.0,0.0,-44,1,44,9,96.8,96.8,"Top tier fielder but low attention, 100 stamina lets him pitch for a while",,8,9,5,8
21,TAKEN,246,Jessica Wassersas,82,48,87,7,100,79,53,3,60,25,63,100,78,30,30,0,68,25,0,18,96,0,0,0,0,Right,Right,Girl,,,,,85,75,98,55,55,any,97,98,98,87,96,,-6,2,3,189,32,32.3,-6,1,6,175,37.3,37.3,24,1,0,279,0.0,0.0,-44,1,44,9,96.8,96.8,"Top tier fielder but low attention, 100 stamina lets her pitch for a while",,8,9,5,8
23,TAKEN,55,Barry Bonds,81,50,94,7,94,66,65,3,80,76,34,76,44,10,34,47,86,0,81,0,58,70,0,0,71,Left,Left,Boy,Jul,24,Big Guy,,85,75,98,54,54,any,98,98,98,93,92,,14,3,0,279,0,0.0,-10,2,5,186,33.3,26.7,-23,2,12,155,44.4,35.6,-62,2,31,44,84.2,67.4,"Top tier fielder, great line drive hitter, NOT irl Barry Bonds",,8,10,6,9
23,TAKEN,256,Sarah Maxwell,81,50,94,7,94,66,65,3,80,76,34,76,44,10,34,47,86,0,81,0,58,70,0,0,71,Left,Left,Girl,,,,,85,75,98,54,54,any,98,98,98,93,92,,14,3,0,279,0,0.0,-10,2,5,186,33.3,26.7,-23,2,12,155,44.4,35.6,-62,2,31,44,84.2,67.4,"Top tier fielder, great line drive hitter, NOT irl Barry Bonds",,8,10,6,9
25,TAKEN,39,Kenny Lofton,76,48,99,8,82,78,53,3,80,47,87,65,65,0,52,60,86,0,89,0,31,0,41,0,0,Left,Left,Boy,May,31,Blur,,85,88,93,68,68,OF,96,92,89,90,79,,24,3,0,279,0,0.0,-28,2,14,112,59.9,47.9,-36,2,18,115,58.8,47.0,-62,2,31,44,84.2,67.4,"Extremely fast, good hitter, great fielder, decent relief pitcher",,7,10,6,9
25,TAKEN,240,Dawn Cozart,76,48,99,8,82,78,53,3,80,47,87,65,65,0,52,60,86,0,89,0,31,0,41,0,0,Left,Left,Girl,,,,,85,88,93,68,68,OF,96,92,89,90,79,,24,3,0,279,0,0.0,-28,2,14,112,59.9,47.9,-36,2,18,115,58.8,47.0,-62,2,31,44,84.2,67.4,"Extremely fast, good hitter, great fielder, decent relief pitcher",,7,10,6,9
27,TAKEN,2.1,Maria Luna,87,75,80,7,72,73,80,2,90,64,21,64,16,56,80,73,77,0,67,0,0,0,28,31,86,Left,Left,Girl,Jul,23,Pinky,,90,75,79,78,78,OF / P,93,71,74,68,72,,-32,3,11,138,51,40.4,-56,2,28,44,84.2,67.4,-49,2,25,77,72.4,57.9,-53,2,27,67,76.0,60.8,"Good hitter, great outfielder, great pitcher, useful for any pitching rotation",,9,9,9,10
28,TAKEN,71,Francis Blewer,87,67,82,7,86,51,31,2,70,62,13,34,40,100,20,94,30,55,0,0,0,35,0,0,0,Right,Right,Girl,,,,,90,75,87,67,67,SS / 3B,88,88,90,69,82,,-76,3,26,22,92,73.7,4,2,0,279,0.0,0.0,-70,2,35,19,93.2,74.6,-6,2,3,182,34.8,27.8,"Good hitter, great defender, decent relief pitchers",,9,9,6,7
28,TAKEN,121,Davy Marian,87,67,82,7,86,51,31,2,70,62,13,34,40,100,20,94,30,55,55,0,0,0,35,0,0,Right,Right,Boy,,,,,90,75,87,67,67,SS / 3B,88,88,90,69,82,,-76,3,26,22,92,73.7,4,2,0,279,0.0,0.0,-70,2,35,19,93.2,74.6,-6,2,3,182,34.8,27.8,"Good hitter, great defender, decent relief pitchers",,9,9,6,7
30,TAKEN,40,Larry Walker,85,73,75,6,92,96,98,3,60,72,63,26,59,10,68,27,25,18,0,38,76,0,78,57,21,Left,Right,Boy,Dec,1,Canadian Clubber,,87,60,89,41,41,any,92,90,92,87,85,,14,3,0,279,0,0.0,-44,2,22,75,73.1,58.5,-3,2,2,212,24.0,19.2,-1,2,1,208,25.4,20.4,"Solid hitter, great defender, good eyesight",,9,8,2,9
30,TAKEN,241,Emily Lewbel,85,73,75,6,92,96,98,3,60,72,63,26,59,10,68,27,25,18,0,38,76,0,78,57,21,Left,Right,Girl,,,,,87,60,89,41,41,any,92,90,92,87,85,,14,3,0,279,0,0.0,-44,2,22,75,73.1,58.5,-3,2,2,212,24.0,19.2,-1,2,1,208,25.4,20.4,"Solid hitter, great defender, good eyesight",,9,8,2,9
32,TAKEN,25,Pablo Sanchez,100,63,81,7,72,78,68,1,100,71,86,54,55,90,25,28,25,0,27,0,0,0,0,50,0,Right,Right,Boy,Aug,18,Secret Weapon,,97,75,54,39,39,OF / C,70,31,62,34,72,,-66,3,22,40,86,68.5,-1,2,1,215,22.9,18.4,-4,2,2,212,24.0,19.2,-1,2,1,208,25.4,20.4,"Max power + fast, really hard to use defensively because he's so short",,10,9,5,10
33,TAKEN,78,Jane Davis,95,84,81,7,30,29,38,2,80,8,73,43,49,51,17,50,0,93,100,53,0,0,75,75,47,Left,Left,Girl,,,,,96,75,44,29,29,OF / 2B,66,34,31,44,40,,-27,3,9,150,46,37.0,7,2,0,279,0.0,0.0,-26,2,13,140,49.8,39.9,24,2,0,279,0.0,0.0,"Top tier offensive stats, notably below average fielder, poor eyesight",,10,9,2,6
33,TAKEN,128,Fred Benson,95,84,81,7,30,29,38,2,80,8,73,43,49,51,17,50,0,93,93,100,53,0,0,75,47,Left,Left,Boy,,,,,96,75,44,29,29,OF / 2B,66,34,31,44,40,,-27,3,9,150,46,37.0,7,2,0,279,0.0,0.0,-26,2,13,140,49.8,39.9,24,2,0,279,0.0,0.0,"Top tier offensive stats, notably below average fielder, poor eyesight",,10,9,2,6
35,TAKEN,38,Barry Larkin,76,58,89,7,88,66,69,3,90,74,81,24,20,60,57,37,0,33,47,0,0,57,100,59,64,Right,Right,Boy,Apr,28,30/30,,79,75,94,46,46,any,98,96,96,92,87,,-36,3,12,126,55,43.9,-33,2,17,103,63.1,50.5,-13,2,7,191,31.5,25.2,24,2,0,279,0.0,0.0,"Great defender, good line drive hitter, poor stamina isn't too negative due to his arm",,7,9,2,10
35,TAKEN,239,Claudia Villarta,76,58,89,7,88,66,69,3,90,74,81,24,20,60,57,37,0,33,47,0,0,57,100,59,64,Right,Right,Girl,,,,,79,75,94,46,46,any,98,96,96,92,87,,-36,3,12,126,55,43.9,-33,2,17,103,63.1,50.5,-13,2,7,191,31.5,25.2,24,2,0,279,0.0,0.0,"Great defender, good line drive hitter, poor stamina isn't too negative due to his arm",,7,9,2,10
37,TAKEN,179,Kathy Wolf,61,19,99,8,94,94,14,2,30,73,39,41,32,80,28,50,42,47,0,0,100,59,28,68,75,Right,Right,Girl,,,,,79,88,93,52,52,C,90,93,97,71,92,,-56,3,19,64,77,61.6,-4,2,2,201,28.0,22.4,-26,2,13,140,49.8,39.9,-18,2,9,152,45.5,36.4,"Extremely fast, best speed + arm combo, top 5 catcher, tough to master but rewarding",,4,10,5,4
38,TAKEN,41,Juan Gonzalez,83,69,64,6,94,46,72,3,80,51,58,45,55,62,37,47,29,0,60,44,0,86,39,0,0,Right,Right,Boy,Oct,16,Juan Gone,,83,60,89,44,44,3B / SS,87,93,93,81,89,,-38,3,13,115,59,47.0,-13,2,7,168,39.8,31.8,-23,2,12,155,44.4,35.6,-5,2,3,182,34.8,27.8,"Good hitter, great defender, lacks consistent home run power",,9,7,4,9
38,TAKEN,242,Fay Dawson,83,69,64,6,94,46,72,3,80,51,58,45,55,62,37,47,29,0,60,44,0,86,39,0,0,Right,Right,Girl,,,,,83,60,89,44,44,3B / SS,87,93,93,81,89,,-38,3,13,115,59,47.0,-13,2,7,168,39.8,31.8,-23,2,12,155,44.4,35.6,-5,2,3,182,34.8,27.8,"Good hitter, great defender, lacks consistent home run power",,9,7,4,9
40,TAKEN,210,Maynard McElroy,51,56,97,8,80,67,80,2,20,98,28,80,46,0,45,81,25,76,0,0,39,0,85,80,0,Left,Left,Boy,,,,,80,88,90,53,53,OF,95,84,90,71,80,,24,3,0,279,0,0.0,-21,2,11,142,49.1,39.3,-57,2,29,43,84.6,67.7,-1,2,1,208,25.4,20.4,"Extremely fast, easy to use at nearly every defensive position, decent hitter",,5,10,5,4
41,TAKEN,48,Vladimir Guerrero,82,54,72,6,94,39,59,3,60,3,43,72,42,74,28,33,33,93,100,53,0,0,0,75,47,Right,Right,Boy,Feb,9,Alvino,,82,60,86,42,42,OF / 3B,82,89,87,76,87,,-50,3,17,78,72,57.6,-4,2,2,201,28.0,22.4,-9,2,5,197,29.4,23.5,-9,2,5,174,37.6,30.1,"Good hitter, great defender but poor attention, lacks consistent home run power",,8,8,5,7
41,TAKEN,249,Kay O'Toole,82,54,72,6,94,39,59,3,60,3,43,72,42,74,28,33,33,93,100,53,0,0,0,75,47,Right,Right,Girl,,,,,82,60,86,42,42,OF / 3B,82,89,87,76,87,,-50,3,17,78,72,57.6,-4,2,2,201,28.0,22.4,-9,2,5,197,29.4,23.5,-9,2,5,174,37.6,30.1,"Good hitter, great defender but poor attention, lacks consistent home run power",,8,8,5,7
43,TAKEN,6,Sally Dobbs,94,1,67,6,86,84,31,4,70,50,12,42,32,80,71,35,68,97,0,97,0,0,0,50,80,Right,Right,Girl,Nov,11,The Boss,,71,60,88,68,68,3B / 1B,76,92,86,97,73,,-56,3,19,64,77,61.6,-47,2,24,62,77.8,62.2,-11,2,6,194,30.5,24.4,-44,2,22,103,63.1,50.5,"Great defender, good relief pitcher, top tier power but 1 contact holds her back a lot",,7,7,7,8
43.1,TAKEN,6.1,Sally (w/ Ronny),74,51,67,6,96,94,71,4,90,70,72,82,62,80,91,65,78,97,0,97,0,0,0,80,90,Right,Right,Girl,Nov,11,The Boss,,71,60,96,77,89,P,92,97,96,97,87,,-56,3,19,64,77,61.6,-67,2,34,17,93.9,75.1,-41,2,21,110,60.6,48.5,-54,2,27,67,76.0,60.8,Not considered worthwhile since Ronny Dobbs becomes totally useless with Sally,,7,7,10,10
44,TAKEN,61,Alex Rodriguez,75,60,85,7,74,76,55,3,90,20,50,70,70,12,42,30,20,0,0,0,0,0,0,0,0,Right,Right,Boy,Jul,27,A-Rod,,79,75,84,24,24,OF,93,79,76,81,72,,12,3,0,279,0,0.0,-18,2,9,152,45.5,36.4,-6,2,3,202,27.6,22.1,4,2,0,279,0.0,0.0,"Good line drive hitter, last great fielder who is fast but poor attention",,7,9,3,9
44,TAKEN,262,Zoe Mallory,75,60,85,7,74,76,55,3,90,20,50,70,70,12,42,30,20,0,0,0,0,0,0,0,0,Right,Right,Girl,,,,,79,75,84,24,24,OF,93,79,76,81,72,,12,3,0,279,0,0.0,-18,2,9,152,45.5,36.4,-6,2,3,202,27.6,22.1,4,2,0,279,0.0,0.0,"Good line drive hitter, last great fielder who is fast but poor attention",,7,9,3,9
46,TAKEN,57,Mark McGwire,100,50,31,4,62,50,63,4,80,68,34,40,66,68,40,75,50,46,19,23,90,50,0,82,0,Right,Right,Boy,Oct,1,Mac,,87,32,69,62,62,1B,29,47,36,91,45,,-44,3,15,100,64,51.3,-16,2,8,156,44.1,35.3,-51,2,26,59,78.9,63.1,-26,2,13,127,54.5,43.6,"Max power, good 1B and good relief pitcher, will get walked a lot without backup",,10,4,6,8
46,TAKEN,258,Sophie Meyer,100,50,31,4,62,50,63,4,80,68,34,40,66,68,40,75,50,46,19,23,90,50,0,82,0,Right,Right,Girl,,,,,87,32,69,62,62,1B,29,47,36,91,45,,-44,3,15,100,64,51.3,-16,2,8,156,44.1,35.3,-51,2,26,59,78.9,63.1,-26,2,13,127,54.5,43.6,"Max power, good 1B and good relief pitcher, will get walked a lot without backup",,10,4,6,8
48,TAKEN,176,Joan Mae,100,62,24,4,64,21,30,2,10,76,52,13,39,29,93,22,12,0,65,0,73,0,0,65,48,Left,Left,Girl,,,,,91,32,25,36,38,2B,11,29,34,23,55,,-5,4,2,208,25,12.7,-69,2,35,16,94.3,75.4,2,2,0,279,0.0,0.0,12,2,0,279,0.0,0.0,"Max power, poor defense but has an okay arm, will get walked a lot without backup",,10,3,2,1
49,TAKEN,166,Courtney Valentino,82,73,90,7,78,100,15,2,40,61,71,29,80,53,75,73,12,0,97,0,0,50,0,0,60,Right,Right,Girl,,,,,80,75,77,65,65,3B / SS,75,76,79,66,77,,-29,3,10,144,48,38.7,-51,2,26,47,83.2,66.5,-49,2,25,77,72.4,57.9,12,2,0,279,0.0,0.0,"Good hitter, good defender and relief pitcher, awful eyesight is tough to use",,9,10,5,5
50,TAKEN,104,Star Moonbeam,20,39,100,9,18,54,78,2,70,82,37,63,73,62,50,0,45,23,0,25,75,75,0,30,28,Right,Right,Girl,,,,,80,100,52,49,49,OF,76,34,34,62,34,,-38,3,13,115,59,47.0,-26,2,13,123,55.9,44.7,24,2,0,279,0.0,0.0,-21,2,11,151,45.9,36.7,"Max speed, their entire gameplan is built around them being absurdly fast",,2,10,5,6
50,TAKEN,154,Stuart Sullivan,20,39,100,9,18,54,78,2,70,82,37,63,73,62,50,0,45,23,0,25,75,0,0,30,28,Right,Right,Boy,,,,,80,100,52,49,49,OF,76,34,34,62,34,,-38,3,13,115,59,47.0,-26,2,13,123,55.9,44.7,24,2,0,279,0.0,0.0,-21,2,11,151,45.9,36.7,"Max speed, their entire gameplan is built around them being absurdly fast",,2,10,5,6
52,TAKEN,35,Nomar Garciaparra,81,56,64,6,72,87,77,3,90,48,58,83,96,79,0,100,22,97,0,97,0,0,0,50,80,Right,Right,Boy,Jul,23,Spiderman,,82,60,75,68,80,OF / 3B,78,73,68,78,70,,-55,3,19,64,77,61.6,24,2,0,279,0.0,0.0,-76,2,38,13,95.3,76.3,2,2,0,279,0.0,0.0,"Good line drive hitter, good defender, very good pitcher in a pinch but a poor starter",,8,7,7,10
52,TAKEN,236,Brenda Markart,81,56,64,6,72,87,77,3,90,48,58,83,96,79,0,100,22,97,0,97,0,0,0,50,80,Right,Right,Girl,,,,,82,60,75,68,80,OF / 3B,78,73,68,78,70,,-55,3,19,64,77,61.6,24,2,0,279,0.0,0.0,-76,2,38,13,95.3,76.3,2,2,0,279,0.0,0.0,"Good line drive hitter, good defender, very good pitcher in a pinch but a poor starter",,8,7,7,10
54,TAKEN,34,Cal Ripken Jr.,74,68,69,6,80,96,48,3,90,82,56,100,100,10,25,70,29,0,73,0,44,0,0,26,72,Right,Right,Boy,Aug,24,Iron Man,,73,60,84,53,53,3B / SS,71,85,82,88,80,,14,2,0,279,0,0.0,-1,1,1,215,22.9,22.9,-46,1,46,6,97.8,97.8,-5,1,5,174,37.6,37.6,"Good hitter with great defensive stats, gives his whole team +10 stamina (caps at 100)",,8,7,5,10
55,TAKEN,33,Chipper Jones,82,62,63,6,80,75,72,3,70,89,83,10,55,73,37,47,55,62,0,0,0,0,0,0,85,Both,Right,Boy,Apr,24,Chipper,,83,60,84,47,53,3B / 1B,80,85,82,89,79,,-49,4,13,115,59,29.4,-13,2,7,168,39.8,31.8,-23,2,12,155,44.4,35.6,-31,2,16,119,57.3,45.9,"Good hitter, can play any position very well but poor stamina can sometimes hurt him",,8,7,4,8
55,TAKEN,234,Anna Goudreau,82,62,63,6,80,75,72,3,70,89,83,10,55,73,37,47,55,62,0,0,0,0,0,0,85,Both,Right,Girl,,,,,83,60,84,47,53,3B / 1B,80,85,82,89,79,,-49,4,13,115,59,29.4,-13,2,7,168,39.8,31.8,-23,2,12,155,44.4,35.6,-31,2,16,119,57.3,45.9,"Good hitter, can play any position very well but poor stamina can sometimes hurt him",,8,7,4,8
57,TAKEN,226,Maya Woodruff,84,88,46,5,94,48,40,2,70,90,4,4,60,75,0,45,38,0,21,10,0,65,65,39,35,Left,Left,Girl,,,,,81,46,80,37,37,C,42,74,80,49,86,,-51,4,13,115,59,29.4,24,2,0,279,0.0,0.0,-21,2,11,165,40.9,32.7,-14,2,7,166,40.5,32.4,"Extremely good hitter for average and power, great catcher and IF but lacks in stamina",,10,5,2,7
58,TAKEN,30,Mikey Thomas,90,81,31,4,100,49,58,2,70,41,30,24,61,38,73,37,47,0,0,100,0,84,49,0,0,Left,Left,Boy,Oct,19,Nugget,,74,32,76,54,54,C,28,68,72,26,88,,-14,3,5,177,37,29.2,-49,2,25,55,80.3,64.2,-13,2,7,191,31.5,25.2,-23,2,12,141,49.5,39.6,"Good power hitter, primarily used as a catcherr. Struggles to run the bases.",,10,4,4,8
59,TAKEN,68,Debby Nagasawa,85,95,65,6,64,82,71,2,30,85,41,60,28,10,34,47,86,0,89,0,31,41,0,0,0,Right,Right,Girl,,,,,88,60,63,54,54,OF,65,62,63,59,64,,14,3,0,279,0,0.0,-10,2,5,186,33.3,26.7,-23,2,12,155,44.4,35.6,-62,2,31,44,84.2,67.4,"Great hitter for average but lacks top tier slugging, so-so fielder at every position",,10,7,5,5
60,TAKEN,222,Rachel La Buena,98,37,54,5,26,19,83,2,100,1,11,63,59,100,12,0,38,86,81,0,91,70,0,21,10,Right,Right,Girl,,,,,92,46,20,38,38,OF,35,12,11,14,32,,-76,3,26,22,92,73.7,12,2,0,279,0.0,0.0,24,2,0,279,0.0,0.0,-14,2,7,166,40.5,32.4,"Top tier power without crippling speed, good eyesight, poor defense",,9,6,4,8
61,TAKEN,212,Parker Collum,98,37,54,5,28,19,58,2,60,1,70,53,29,0,12,42,73,86,81,0,91,70,0,21,10,Right,Right,Boy,,,,,91,46,18,35,35,OF,30,13,11,12,32,,24,3,0,279,0,0.0,12,2,0,279,0.0,0.0,-18,2,9,180,35.5,28.4,-49,2,25,85,69.5,55.6,"Top tier power without crippling speed, poor defense",,9,6,3,4
62,TAKEN,17.1,Amir (w/ Achmed),90,75,69,6,38,54,30,2,70,88,50,37,95,56,38,0,90,100,0,0,0,80,84,96,96,Right,Right,Boy,Sep,1,Sticks,,87,60,45,57,57,OF,53,35,37,53,45,,-32,3,11,138,51,40.4,-14,2,7,168,39.8,31.8,24,2,0,279,0.0,0.0,-66,2,33,23,91.8,73.4,"Great off. specialist, held back by poor defensive stats, best saved for later rounds",,10,7,4,5
63,TAKEN,216,Samuel Middleton,84,88,46,5,64,48,71,2,90,90,63,98,50,53,38,82,0,0,21,10,0,65,65,39,35,Left,Left,Boy,,,,,82,46,49,63,74,2B / 3B,39,49,52,45,60,,-29,2,15,100,64,64.2,-14,2,7,168,39.8,31.8,-58,2,29,43,84.6,67.7,24,2,0,279,0.0,0.0,"Extremely good hitter for average and power, so-so defender but can relief pitch",,10,5,7,9
64,TAKEN,183,Mandy Coolidge,88,64,52,5,64,54,3,2,50,7,9,83,72,100,58,66,82,0,38,76,78,57,38,12,0,Right,Right,Girl,,,,,81,46,34,73,81,P,29,37,37,21,58,,-76,3,26,22,92,73.7,-34,2,17,103,63.1,50.5,-42,2,21,110,60.6,48.5,-58,2,29,50,82.1,65.7,"Great pitcher with good batting, poor eye and attn., Heat is a strenuous best pitch",,9,6,10,4
65,TAKEN,31,Mo Vaughn,86,58,45,5,60,51,84,4,80,54,65,100,72,12,40,58,50,0,50,79,0,0,0,54,0,Left,Right,Boy,Dec,15,Hit Dog,,72,46,74,68,68,1B,49,53,42,94,45,,12,2,0,279,0,0.0,-16,1,16,108,61.3,61.3,-34,1,34,21,92.5,92.5,-26,1,26,75,73.1,73.1,"Good hitter, top tier 1B, 100 stamina lets him relief pitch for ages even if inaccurate",,8,5,7,8
65,TAKEN,232,Alicia Blakely,86,58,45,5,60,51,84,4,80,54,65,100,72,12,40,58,50,0,50,79,0,0,0,54,0,Left,Right,Girl,,,,,72,46,74,68,68,1B,49,53,42,94,45,,12,2,0,279,0,0.0,-16,1,16,108,61.3,61.3,-34,1,34,21,92.5,92.5,-26,1,26,75,73.1,73.1,"Good hitter, top tier 1B, 100 stamina lets him relief pitch for ages even if inaccurate",,8,5,7,8
67,TAKEN,207,Lance Lambert,94,61,48,5,14,20,37,2,100,22,29,54,36,6,100,58,66,81,0,58,0,0,0,43,0,Right,Right,Boy,,,,,84,46,13,70,70,P,24,6,4,17,24,,18,3,0,279,0,0.0,-76,2,38,15,94.6,75.7,-34,2,17,128,54.1,43.3,-42,2,21,109,60.9,48.7,"Top tier power, awful fielder at every position, a decent pitcher",,9,5,7,6
68,TAKEN,235,Barbara Jones,74,68,69,6,80,96,48,3,90,82,56,100,100,10,25,70,29,0,73,0,44,0,0,26,72,Right,Right,Girl,,,,,73,60,84,53,53,3B / SS,71,85,82,88,80,,14,2,0,279,0,0.0,-1,1,1,215,22.9,22.9,-46,1,46,6,97.8,97.8,-5,1,5,174,37.6,37.6,"Good hitter with great defensive stats, pretty decent relief pitcher",,8,7,5,10
68.1,TAKEN,29.1,Ernie (@ Steele Stadium),72,84,68,6,74,85,85,4,100,56,69,85,82,12,60,58,66,85,80,0,0,0,0,0,0,Right,Right,Boy,Apr,21,Funnybones,,74,60,89,60,60,1B / OF,90,81,74,97,67,,12,2,0,279,0,0.0,-36,2,18,99,64.5,51.6,-34,2,17,128,54.1,43.3,-42,2,21,109,60.9,48.7,"Very nice player but lacks the HR power for Steele Stadium, usually still worth it though",,9,7,7,10
69,TAKEN,8.1,Ashley (w/ Sidney),64,82,72,6,84,78,95,3,60,70,76,94,88,66,51,68,0,0,81,0,88,80,0,0,71,Right,Right,Girl,Feb,18,Little Smokey,,66,60,87,68,88,OF / 3B,90,87,83,82,80,,-42,2,21,51,82,81.7,-27,2,14,112,59.9,47.9,-44,2,22,102,63.4,50.8,24,2,0,279,0.0,0.0,"Almost top tier fielding, good relief pitching, decent offensively, can sometimes impress",,8,8,7,8
69,TAKEN,9.1,Sidney (w/ Ashley),64,82,72,6,84,78,95,3,60,70,76,94,88,66,51,68,0,0,81,0,88,80,0,0,71,Right,Right,Girl,Feb,18,Little Smokey,,66,60,87,68,88,OF / 3B,90,87,83,82,80,,-42,2,21,51,82,81.7,-27,2,14,112,59.9,47.9,-44,2,22,102,63.4,50.8,24,2,0,279,0.0,0.0,"Almost top tier fielding, good relief pitching, decent offensively, can sometimes impress",,8,8,7,8
71,TAKEN,47,Marty Cordova,69,46,63,6,94,76,36,3,30,74,56,45,76,32,45,89,85,78,86,81,0,0,91,70,100,Right,Right,Boy,Jul,10,Shade,,51,60,93,75,75,3B / SS,73,94,95,85,90,,-8,3,3,189,32,25.8,-21,2,11,142,49.1,39.3,-65,2,33,27,90.3,72.3,-61,2,31,44,84.2,67.4,"Top tier fielding and great pitching, so-so hitting, great for those wanting budget defense",,6,7,7,4
71,TAKEN,248,Kristen Sullivan,69,46,63,6,94,76,36,3,30,74,56,45,76,32,45,89,85,78,86,81,0,0,91,70,100,Right,Right,Girl,,,,,51,60,93,75,75,3B / SS,73,94,95,85,90,,-8,3,3,189,32,25.8,-21,2,11,142,49.1,39.3,-65,2,33,27,90.3,72.3,-61,2,31,44,84.2,67.4,"Top tier fielding and great pitching, so-so hitting, great for those wanting budget defense",,6,7,7,4
73,TAKEN,53,Jason Kendall,75,62,77,6,74,57,81,3,60,84,59,50,74,62,50,0,45,55,0,0,0,0,35,0,0,Right,Right,Boy,Jun,26,Patch,,73,60,80,49,49,OF / 3B,79,77,75,84,71,,-38,3,13,115,59,47.0,-26,2,13,123,55.9,44.7,24,2,0,279,0.0,0.0,-21,2,11,151,45.9,36.7,"Good offense and good defense, can pitch in a pinch, pretty ""average"" good player",,7,8,4,7
73,TAKEN,254,Pamela Kirkos,75,62,77,6,74,57,81,3,60,84,59,50,74,62,50,0,45,55,0,0,0,0,35,0,0,Right,Right,Girl,,,,,73,60,80,49,49,OF / 3B,79,77,75,84,71,,-38,3,13,115,59,47.0,-26,2,13,123,55.9,44.7,24,2,0,279,0.0,0.0,-21,2,11,151,45.9,36.7,"Good offense and good defense, can pitch in a pinch, pretty ""average"" good player",,7,8,4,7
75,TAKEN,102,Sonja Hagen,80,56,64,6,76,56,89,2,80,58,68,100,56,28,45,0,75,38,12,0,31,31,0,0,18,Right,Right,Girl,,,,,78,60,72,65,65,OF / SS,74,69,71,58,72,,-4,2,2,208,25,25.4,-21,1,21,83,70.3,70.3,24,1,0,279,0.0,0.0,-51,1,51,5,98.2,98.2,Great in all roles but lacks the height to keep up with the pros with similar stats,,8,7,6,9
75,TAKEN,152,Stan Olafson,80,56,64,6,76,56,89,2,80,58,68,100,56,28,45,0,75,38,12,0,31,0,0,0,18,Right,Right,Boy,,,,,78,60,72,65,65,OF / SS,74,69,71,58,72,,-4,2,2,208,25,25.4,-21,1,21,83,70.3,70.3,24,1,0,279,0.0,0.0,-51,1,51,5,98.2,98.2,Great in all roles but lacks the height to keep up with the pros with similar stats,,8,7,6,9
77,TAKEN,43,Jeff Bagwell,81,61,54,5,94,55,67,3,80,77,90,37,53,45,81,25,10,0,81,0,58,70,0,0,71,Right,Right,Boy,May,27,Bags,,67,46,82,48,48,C / 3B,52,83,81,76,86,,-21,3,7,163,42,33.3,-57,2,29,31,88.9,71.1,-1,2,1,221,20.8,16.6,14,2,0,279,0.0,0.0,"Decent hitting with very good defense, one of the top infielders in the game",,8,6,3,9
77,TAKEN,244,Hillary Vargas,81,61,54,5,94,55,67,3,80,77,90,37,53,45,81,25,10,0,81,0,58,70,0,0,71,Right,Right,Girl,,,,,67,46,82,48,48,C / 3B,52,83,81,76,86,,-21,3,7,163,42,33.3,-57,2,29,31,88.9,71.1,-1,2,1,221,20.8,16.6,14,2,0,279,0.0,0.0,"Decent hitting with very good defense, one of the top infielders in the game",,8,6,3,9
79,TAKEN,261,Yvonne Carter,82,45,63,6,62,46,51,3,60,71,65,59,58,74,48,100,20,18,0,38,76,0,78,57,21,Left,Left,Girl,,,,,74,60,69,69,69,1B,68,67,62,79,59,,-50,3,17,78,72,57.6,-24,2,12,128,54.1,43.3,-76,2,38,13,95.3,76.3,4,2,0,279,0.0,0.0,"Good hitter, mid tier defense but is a good relief pitcher, not bad at 1B",,8,7,7,6
79,TAKEN,60,Shawn Green,82,45,63,6,62,46,51,3,60,71,65,59,58,74,48,100,20,18,0,38,76,0,78,57,21,Left,Left,Boy,Nov,10,Squeaky,,74,60,69,69,69,1B,68,67,62,79,59,,-50,3,17,78,72,57.6,-24,2,12,128,54.1,43.3,-76,2,38,13,95.3,76.3,4,2,0,279,0.0,0.0,"Good hitter, mid tier defense but is a good relief pitcher, not bad at 1B",,8,7,7,6
79.1,TAKEN,1.1,Kimmy (@ Eckman Acres),72,82,68,6,74,75,85,2,80,56,74,71,82,55,35,44,34,58,53,59,0,0,0,86,84,Right,Right,Girl,Jun,22,Twinkie Toes,,74,60,68,38,38,OF / SS,70,66,68,53,70,,-31,3,11,138,51,40.4,-11,2,6,175,37.3,29.8,-20,2,10,176,36.9,29.5,-10,2,5,174,37.6,30.1,"Pretty well-rounded hitter and defender, always worth but Kimmy herself isn't good",,9,7,5,9
81,TAKEN,162,Alexis Weis,88,40,73,6,40,42,65,2,20,58,13,52,90,40,33,68,85,67,0,0,28,31,0,0,73,Right,Right,Girl,,,,,76,60,43,60,60,P / OF,59,32,34,46,42,,-16,3,6,166,41,32.4,-9,2,5,186,33.3,26.7,-44,2,22,102,63.4,50.8,-61,2,31,44,84.2,67.4,"Good power hitter without lacking speed, not likely to carry a team offensively",,8,8,7,2
82,TAKEN,173,Francesca Whitaker,79,59,67,6,56,56,73,2,80,99,45,66,89,68,31,40,20,86,81,0,91,70,0,21,10,Right,Right,Girl,,,,,78,60,59,39,39,OF,63,54,55,63,55,,-44,3,15,100,64,51.3,-7,2,4,190,31.9,25.5,-16,2,8,181,35.1,28.1,4,2,0,279,0.0,0.0,"Typically overperforms offensively, okay but not great at every defensive position",,8,7,5,8
83,TAKEN,263,Mr. Clanky,75,75,50,5,100,75,100,3,30,100,1,100,75,95,95,95,95,0,0,0,0,0,0,0,0,Right,Right,Boy,Aug,2,Automatic,,65,46,91,BAN,STILL BAN,C / SS,56,90,92,77,92,,-71,2,36,3,99,,,,,,,,,,,,,,,,,,,,"Very reliable catcher, decent line drive hitter, literally cannot get fatigued at all",,8,6,10,6
84,TAKEN,15,Lisa Crocket,67,16,78,6,72,19,68,4,50,47,88,78,43,11,0,100,72,46,19,23,90,50,0,82,0,Right,Right,Girl,Dec,4,Mad Dog,,48,60,85,70,70,1B / P,82,76,69,96,63,,13,3,0,279,0,0.0,24,2,0,279,0.0,0.0,-76,2,38,13,95.3,76.3,-48,2,24,93,66.7,53.3,"Great defender and good starting pitcher, very tall so hard to hit around",,5,8,6,5
85,TAKEN,73,Grace Tipton,18,77,96,8,24,1,29,2,70,17,7,85,82,83,71,81,32,25,0,18,96,0,0,0,0,Right,Right,Girl,,,,,70,88,46,86,86,P,65,27,26,46,34,,-59,2,30,9,97,96.8,-47,2,24,62,77.8,62.2,-57,2,29,43,84.6,67.7,-8,2,4,176,36.9,29.5,"Extremely fast, top tier pitcher, these both conflict but can still get on with grounders",,6,10,10,4
85,TAKEN,123,Earl Abbot,18,77,96,8,24,1,29,2,70,17,7,85,82,83,71,81,32,25,25,0,18,96,0,0,0,Right,Right,Boy,,,,,70,88,46,86,86,P,65,27,26,46,34,,-59,2,30,9,97,96.8,-47,2,24,62,77.8,62.2,-57,2,29,43,84.6,67.7,-8,2,4,176,36.9,29.5,"Extremely fast, top tier pitcher, these both conflict but can still get on with grounders",,6,10,10,4
85.3,TAKEN,23.4,Marky (w/ BJ & vs Sox),77,69,67,6,76,81,69,3,90,79,48,92,51,72,60,68,77,18,0,38,76,0,78,57,21,Left,Left,Boy,Sep,6,Cootie,,77,60,80,77,97,P / 3B,77,79,77,85,73,,-48,2,24,30,89,89.2,-36,2,18,99,64.5,51.6,-44,2,22,102,63.4,50.8,-53,2,27,67,76.0,60.8,"Great pitcher and fielder, pretty unlikely to face one of the Red or White Sox",,8,7,10,10
85.4,TAKEN,23.2,Marky (vs Sox),77,69,67,6,76,81,69,3,90,79,48,92,51,72,10,68,27,18,0,38,76,0,78,57,21,Left,Left,Boy,Sep,6,Cootie,,77,60,80,61,74,3B / SS,77,79,77,85,73,,-48,2,24,30,89,89.2,14,2,0,279,0.0,0.0,-44,2,22,102,63.4,50.8,-3,2,2,195,30.1,24.1,Pretty unlikely to face one of the Red or White Sox,,8,7,7,10
85.5,TAKEN,23.1,Marky (w/ Billy Jean),57,79,67,6,76,71,69,3,90,39,98,92,61,72,60,68,77,18,0,38,76,0,78,57,21,Left,Left,Boy,Sep,6,Cootie,,55,60,76,77,97,P,77,76,73,77,72,,-48,2,24,30,89,89.2,-36,2,18,99,64.5,51.6,-44,2,22,102,63.4,50.8,-53,2,27,67,76.0,60.8,"Great pitcher and fielder, pretty likely to get in a draft if you get Billy Jean first",,8,7,10,10
87,TAKEN,26,Tony Delvecchio,74,56,53,5,100,70,55,4,60,87,92,41,22,30,29,0,84,0,43,0,33,100,56,0,0,Right,Right,Boy,Jul,16,Vec,,53,46,93,44,44,3B / SS,54,95,92,96,87,,-6,3,2,208,25,20.4,-5,2,3,197,29.4,23.5,24,2,0,279,0.0,0.0,-60,2,30,48,82.8,66.2,"Top tier defender, okay hitter, arm is less good than it looks because he's so tall",,7,6,3,7
87.1,TAKEN,26.1,Tony (vs Angela),84,86,83,7,100,80,85,4,80,87,1,71,82,60,49,20,84,0,43,0,33,100,56,0,0,Right,Right,Boy,Jul,16,Vec,,89,75,99,61,61,any,99,99,99,98,92,,-36,3,12,126,55,43.9,-25,2,13,123,55.9,44.7,4,2,0,279,0.0,0.0,-60,2,30,48,82.8,66.2,Very good but only functional when playing vs Angela Delvecchio (rare),,9,9,7,10
88,TAKEN,32,Randy Johnson,61,26,44,5,100,30,55,5,20,45,27,100,74,99,14,99,72,95,100,1,100,84,95,25,70,Right,Left,Boy,Sep,10,The Big Unit,,28,46,85,99,99,P,58,92,89,99,84,,-75,2,38,2,99,99.3,10,1,0,279,0.0,0.0,-75,1,75,3,98.9,98.9,-48,1,48,7,97.5,97.5,"Best pitcher in the game by far, you never need a reliever, very much lacks in offense",,5,5,10,3
88,TAKEN,233,Amanda Hellerman,61,26,44,5,100,30,55,5,20,45,27,100,74,99,14,99,72,95,100,1,100,84,95,25,70,Right,Left,Girl,,,,,28,46,85,99,99,P,58,92,89,99,84,,-75,2,38,2,99,99.3,10,1,0,279,0.0,0.0,-75,1,75,3,98.9,98.9,-48,1,48,7,97.5,97.5,"Best pitcher in the game by far, you never need a reliever, very much lacks in offense",,5,5,10,3
90,TAKEN,37,Frank Thomas,81,30,37,4,58,54,20,4,60,50,47,100,98,56,74,48,100,49,0,63,61,0,0,100,49,Right,Right,Boy,May,27,The Big Hurt,,44,32,51,89,89,P,20,38,25,89,42,,-32,2,16,91,67,67.4,-50,1,50,6,97.8,97.8,-24,1,24,83,70.3,70.3,-76,1,76,3,98.9,98.9,"Top tier pitcher, unlikely you will need any relievers, decent power but still slow",,7,4,10,5
90,TAKEN,238,Christina Beattie,81,30,37,4,58,54,20,4,60,50,47,100,98,56,74,48,100,49,0,63,61,0,0,100,49,Right,Right,Girl,,,,,44,32,51,89,89,P,20,38,25,89,42,,-32,2,16,91,67,67.4,-50,1,50,6,97.8,97.8,-24,1,24,83,70.3,70.3,-76,1,76,3,98.9,98.9,"Top tier pitcher, unlikely you will need any relievers, decent power but still slow",,7,4,10,5
92,TAKEN,109,Veronica Lee,80,33,80,7,48,79,58,2,70,100,34,36,35,48,45,73,0,0,53,0,80,80,12,77,0,Right,Right,Girl,,,,,71,75,64,52,52,OF,76,56,56,69,53,,-24,3,8,156,44,35.3,-21,2,11,142,49.1,39.3,-49,2,25,77,72.4,57.9,24,2,0,279,0.0,0.0,"Fast while still having some power, not particularly consistent but can still make plays",,7,9,3,7
92,TAKEN,159,Wally Evans,80,33,80,7,48,79,58,2,70,100,34,36,35,48,45,73,0,0,53,0,80,12,12,77,0,Right,Right,Boy,,,,,71,75,64,52,52,OF,76,56,56,69,53,,-24,3,8,156,44,35.3,-21,2,11,142,49.1,39.3,-49,2,25,77,72.4,57.9,24,2,0,279,0.0,0.0,"Fast while still having some power, not particularly consistent but can still make plays",,7,9,3,7
94,TAKEN,42,Alex Gonzalez,69,10,85,7,76,54,14,3,80,35,81,75,91,23,0,74,6,100,0,0,0,43,64,86,66,Right,Right,Boy,Feb,15,Lil' Mitt,,49,75,82,24,24,3B / OF,85,83,78,83,73,,1,3,0,279,0,0.0,24,2,0,279,0.0,0.0,-50,2,25,77,72.4,57.9,18,2,0,279,0.0,0.0,Below average offensively (low contact and eye) but a solid infielder this late,,5,9,3,7
94,TAKEN,243,Gwen Sears,69,10,85,7,76,54,14,3,80,35,81,75,91,23,0,74,6,100,0,0,0,43,64,86,66,Right,Right,Girl,,,,,49,75,82,24,24,3B / OF,85,83,78,83,73,,1,3,0,279,0,0.0,24,2,0,279,0.0,0.0,-50,2,25,77,72.4,57.9,18,2,0,279,0.0,0.0,Below average offensively (low contact and eye) but a solid infielder this late,,5,9,3,7
96,TAKEN,59,Ivan Rodriguez,70,70,48,5,98,55,76,2,70,99,34,18,66,85,67,52,85,0,50,79,0,0,0,54,0,Right,Right,Boy,Nov,30,Pudge,,58,46,83,74,74,C / SS,48,78,85,53,85,,-61,3,21,51,82,65.4,-43,2,22,75,73.1,58.5,-28,2,14,136,51.3,41.0,-61,2,31,44,84.2,67.4,"Great catcher who can also pitch very well, solid line drive hitter",,7,5,7,8
96,TAKEN,260,Wendy Parsons,70,70,48,5,98,55,76,2,70,99,34,18,66,85,67,52,85,0,50,79,0,0,0,54,0,Right,Right,Girl,,,,,58,46,83,74,74,C / SS,48,78,85,53,85,,-61,3,21,51,82,65.4,-43,2,22,75,73.1,58.5,-28,2,14,136,51.3,41.0,-61,2,31,44,84.2,67.4,"Great catcher who can also pitch very well, solid line drive hitter",,7,5,7,8
98,TAKEN,87,Lena Ng,74,56,53,5,100,70,55,2,60,87,1,41,22,30,29,0,84,0,43,0,33,33,56,0,0,Right,Right,Girl,,,,,53,46,87,44,44,C,46,81,88,49,92,,-6,3,2,208,25,20.4,-5,2,3,197,29.4,23.5,24,2,0,279,0.0,0.0,-60,2,30,48,82.8,66.2,"Top tier catcher, okay hitter, runs away from the ball sometimes at corner IF",,7,6,3,7
98,TAKEN,137,Jim Kiley,74,56,53,5,100,70,55,2,60,87,1,41,22,30,29,0,84,0,43,0,33,56,56,0,0,Right,Right,Boy,,,,,53,46,87,44,44,C,46,81,88,49,92,,-6,3,2,208,25,20.4,-5,2,3,197,29.4,23.5,24,2,0,279,0.0,0.0,-60,2,30,48,82.8,66.2,"Top tier catcher, okay hitter, runs away from the ball sometimes at corner IF",,7,6,3,7
100,TAKEN,171,Ezra Travolta,72,32,56,5,100,95,69,2,70,30,4,91,55,12,0,38,100,76,0,0,39,0,85,80,0,Right,Right,Girl,,,,,50,46,83,42,50,C,47,76,80,34,92,,12,2,0,279,0,0.0,24,2,0,279,0.0,0.0,-14,2,7,191,31.5,25.2,-76,2,38,16,94.3,75.4,"Top tier catcher, okay hitter, lacks in attention which can ruin plays at home",,6,6,6,9
101,TAKEN,93,Molly May,87,45,23,4,90,76,1,2,100,63,25,56,28,0,10,25,70,15,0,0,0,0,78,65,59,Right,Right,Girl,,,,,68,32,66,29,29,C,18,59,61,27,77,,24,3,0,279,0,0.0,14,2,0,279,0.0,0.0,-1,2,1,221,20.8,16.6,-46,2,23,95,65.9,52.8,"Strong hitter with awful eyesight, decent defender, primarily corner IF or catcher",,8,3,2,9
101,TAKEN,143,Nicky Winston,87,45,23,4,90,76,1,2,100,63,25,56,28,0,10,25,70,15,0,0,0,78,78,65,59,Right,Right,Boy,,,,,68,32,66,29,29,C,18,59,61,27,77,,24,3,0,279,0,0.0,14,2,0,279,0.0,0.0,-1,2,1,221,20.8,16.6,-46,2,23,95,65.9,52.8,"Strong hitter with awful eyesight, decent defender, primarily corner IF or catcher",,8,3,2,9
103,TAKEN,77,Isabelle Marelli,86,24,42,5,88,68,31,2,30,25,61,52,82,92,26,74,38,79,0,65,0,73,0,0,0,Right,Right,Girl,,,,,67,46,62,61,61,C,37,63,65,30,81,,-68,3,23,34,88,70.3,-2,2,1,215,22.9,18.4,-50,2,25,77,72.4,57.9,-14,2,7,166,40.5,32.4,"Solid hitter, low contact is tough, can play most IF positions, good relief pitchers",,7,5,7,4
104,TAKEN,127,Franky Holly,86,24,42,5,88,68,31,2,30,25,41,52,82,92,26,74,38,79,79,0,65,0,73,0,0,Right,Right,Boy,,,,,67,46,62,61,61,C,37,63,65,30,81,,-68,3,23,34,88,70.3,-2,2,1,215,22.9,18.4,-50,2,25,77,72.4,57.9,-14,2,7,166,40.5,32.4,"Solid hitter, low contact is tough, can play most IF positions, good relief pitchers",,7,5,7,4
105,TAKEN,27,Jorge Garcia,82,58,56,5,78,50,1,4,60,78,31,69,27,15,60,58,0,0,59,0,0,85,0,57,41,Right,Right,Boy,Oct,7,Bonkers,,54,46,77,40,40,1B / 3B,39,72,65,95,64,,9,3,0,279,0,0.0,-36,2,18,99,64.5,51.6,-34,2,17,128,54.1,43.3,24,2,0,279,0.0,0.0,"Good hitter, awful eyesight, good corner infielder, can over or under perform easily",,8,6,4,5
106,TAKEN,46,Jeromy Burnitz,83,35,57,5,80,31,45,3,90,51,72,50,54,38,82,0,28,0,50,79,0,0,0,54,0,Left,Right,Boy,Apr,15,The Kid,,60,46,69,49,49,1B / 3B,44,70,65,73,73,,-14,3,5,177,37,29.2,-58,2,29,31,88.9,71.1,24,2,0,279,0.0,0.0,-4,2,2,195,30.1,24.1,"Decent hitter, low contact is a little awkward, a good corner infielder",,7,6,4,8
106,TAKEN,247,Jillian Paine,83,35,57,5,80,31,45,3,90,51,72,50,54,38,82,0,28,0,50,79,0,0,0,54,0,Left,Right,Girl,,,,,60,46,69,49,49,1B / 3B,44,70,65,73,73,,-14,3,5,177,37,29.2,-58,2,29,31,88.9,71.1,24,2,0,279,0.0,0.0,-4,2,2,195,30.1,24.1,"Decent hitter, low contact is a little awkward, a good corner infielder",,7,6,4,8
108,TAKEN,110,Whitney Singh,25,75,85,7,76,55,88,2,30,25,78,25,19,68,40,75,100,37,56,50,0,0,78,80,0,Left,Left,Girl,,,,,38,75,79,75,75,OF / P,94,71,73,57,73,,-44,3,15,100,64,51.3,-16,2,8,156,44.1,35.3,-51,2,26,59,78.9,63.1,-76,2,38,16,94.3,75.4,"Great outfielder, very nice pitching rotation player, lacks power to get on base",,6,9,7,5
108,TAKEN,160,Wing Kwan,25,75,85,7,76,55,88,2,30,25,78,25,19,68,40,75,100,37,56,50,0,78,78,80,0,Left,Left,Boy,,,,,38,75,79,75,75,OF / P,94,71,73,57,73,,-44,3,15,100,64,51.3,-16,2,8,156,44.1,35.3,-51,2,26,59,78.9,63.1,-76,2,38,16,94.3,75.4,"Great outfielder, very nice pitching rotation player, lacks power to get on base",,6,9,7,5
110,TAKEN,21,Dmitri Petrovich,78,57,66,6,52,28,43,3,40,35,41,12,100,39,67,0,26,32,62,0,46,56,66,0,87,Right,Right,Boy,Jun,9,Paste,,62,60,63,39,43,1B,61,53,48,75,50,,-15,4,4,182,35,17.4,-43,2,22,75,73.1,58.5,24,2,0,279,0.0,0.0,-2,2,1,208,25.4,20.4,"Good line drive hitter but is basically only usable at 1B, poor stamina",,8,7,1,3
111,TAKEN,44,Carlos Beltran,64,18,62,6,74,43,29,3,100,41,67,56,46,60,65,0,48,88,76,0,0,0,39,0,0,Both,Right,Boy,Apr,24,Buckles,,42,60,73,55,55,SS / 3B,68,75,70,78,70,,-36,3,12,126,55,43.9,-41,2,21,83,70.3,56.2,24,2,0,279,0.0,0.0,-24,2,12,141,49.5,39.6,"Lackluster hitter, still a very nice defender, okay relief pitcher",,5,7,5,9
111,TAKEN,245,Ingrid Dahlman,64,18,62,6,74,43,29,3,100,41,67,56,46,60,65,0,48,88,76,0,0,0,39,0,0,Both,Right,Girl,,,,,42,60,73,55,55,SS / 3B,68,75,70,78,70,,-36,3,12,126,55,43.9,-41,2,21,83,70.3,56.2,24,2,0,279,0.0,0.0,-24,2,12,141,49.5,39.6,"Lackluster hitter, still a very nice defender, okay relief pitcher",,5,7,5,9
113,TAKEN,76,Holly Franklin,67,16,78,6,72,19,68,2,50,47,68,78,43,11,0,100,72,46,19,23,90,0,82,82,0,Left,Left,Girl,,,,,45,60,65,70,70,P / SS,69,62,64,51,67,,13,3,0,279,0,0.0,24,2,0,279,0.0,0.0,-76,2,38,13,95.3,76.3,-48,2,24,93,66.7,53.3,"Good starting pitcher with solid defensive stats, lacking in offense but still has pop",,5,8,6,5
113,TAKEN,126,Fernando Diaz,67,16,78,6,72,19,68,2,50,47,68,78,43,11,0,100,72,46,46,19,23,90,0,82,0,Left,Left,Boy,,,,,45,60,65,70,70,P / SS,69,62,64,51,67,,13,3,0,279,0,0.0,24,2,0,279,0.0,0.0,-76,2,38,13,95.3,76.3,-48,2,24,93,66.7,53.3,"Good starting pitcher with solid defensive stats, lacking in offense but still has pop",,5,8,6,5
115,TAKEN,97,Petra Chekov,93,56,34,4,22,46,48,2,30,69,51,43,25,0,45,81,25,15,12,0,78,78,26,62,0,Right,Right,Girl,,,,,81,32,7,53,53,2B,8,4,4,11,26,,24,3,0,279,0,0.0,-21,2,11,142,49.1,39.3,-57,2,29,43,84.6,67.7,-1,2,1,208,25.4,20.4,"Top tier power but awful at every defensive position, good if lacking in power",,9,4,3,2
115,TAKEN,147,Rafael Hendrix,93,56,34,4,22,46,48,2,30,69,41,43,25,0,45,81,25,15,12,0,78,26,26,62,0,Right,Right,Boy,,,,,81,32,7,53,53,2B,8,4,4,11,26,,24,3,0,279,0,0.0,-21,2,11,142,49.1,39.3,-57,2,29,43,84.6,67.7,-1,2,1,208,25.4,20.4,"Top tier power but awful at every defensive position, good if lacking in power",,9,4,3,2
117,TAKEN,172,Fabienne Callahan,100,35,2,3,52,53,24,2,80,72,38,76,61,48,27,45,27,0,18,96,0,0,0,0,100,Right,Right,Girl,,,,,80,21,9,35,42,2B,3,12,14,8,44,,-24,3,8,156,44,35.3,-3,2,2,201,28.0,22.4,-21,2,11,165,40.9,32.7,-3,2,2,195,30.1,24.1,"Max power, min speed, basically a free walk, only good if desperate for power",,9,1,5,6
118,TAKEN,49,Mike Piazza,87,69,20,4,56,66,81,3,70,82,74,54,98,29,0,84,12,0,81,0,58,70,0,0,71,Right,Right,Boy,Sep,4,Supreme,,56,32,43,36,36,1B,25,31,26,71,50,,-5,3,2,208,25,20.4,24,2,0,279,0.0,0.0,-60,2,30,34,87.8,70.3,12,2,0,279,0.0,0.0,"Good power but lacks speed, not really good anywhere other than 1B",,9,3,3,8
118,TAKEN,250,Libby Futterman,87,69,20,4,56,66,81,3,70,82,74,54,98,29,0,84,12,0,81,0,58,70,0,0,71,Right,Right,Girl,,,,,56,32,43,36,36,1B,25,31,26,71,50,,-5,3,2,208,25,20.4,24,2,0,279,0.0,0.0,-60,2,30,34,87.8,70.3,12,2,0,279,0.0,0.0,"Good power but lacks speed, not really good anywhere other than 1B",,9,3,3,8
120,TAKEN,189,Uma Morris,88,10,40,5,70,63,12,2,60,47,52,72,31,92,16,21,73,80,0,0,0,0,28,87,35,Right,Right,Girl,,,,,54,46,47,58,58,3B / P,32,46,48,32,62,,-68,3,23,34,88,70.3,8,2,0,279,0.0,0.0,3,2,0,279,0.0,0.0,-49,2,25,85,69.5,55.6,"Strong hitter on paper but has a hard time performing, decent fielder, good relief pitcher",,7,5,7,5
121,TAKEN,105,Tanya Uchida,68,100,68,6,48,77,68,2,50,75,65,49,10,25,0,57,68,0,47,67,86,86,35,0,0,Right,Right,Girl,,,,,78,60,51,45,45,OF,60,45,46,52,50,,-1,3,1,217,22,17.8,24,2,0,279,0.0,0.0,-33,2,17,128,54.1,43.3,-44,2,22,103,63.1,50.5,"VERY good contact hitter, so-so in defense but great if you can afford them",,10,7,4,6
121,TAKEN,155,Timmy Unger,68,100,68,6,48,77,68,2,50,75,65,49,10,25,0,57,68,0,47,67,86,35,35,0,0,Right,Right,Boy,,,,,78,60,51,45,45,OF,60,45,46,52,50,,-1,3,1,217,22,17.8,24,2,0,279,0.0,0.0,-33,2,17,128,54.1,43.3,-44,2,22,103,63.1,50.5,"VERY good contact hitter, so-so in defense but great if you can afford them",,10,7,4,6
123,TAKEN,98,Ramona Bennett,69,72,76,6,26,37,27,2,20,56,16,89,38,60,0,72,80,28,68,75,45,45,25,0,74,Right,Right,Girl,,,,,56,60,34,75,75,P,46,24,24,40,36,,-36,2,18,67,76,76.0,24,2,0,279,0.0,0.0,-48,2,24,83,70.3,56.2,-56,2,28,59,78.9,63.1,"Good line drive hitter with good pitching, lacks in defensive qualities",,7,8,8,1
123,TAKEN,148,Ray Tran,69,72,76,6,26,37,27,2,20,56,16,89,38,60,0,72,80,28,68,75,45,25,25,0,74,Right,Right,Boy,,,,,56,60,34,75,75,P,46,24,24,40,36,,-36,2,18,67,76,76.0,24,2,0,279,0.0,0.0,-48,2,24,83,70.3,56.2,-56,2,28,59,78.9,63.1,"Good line drive hitter with good pitching, lacks in defensive qualities",,7,8,8,1
125,TAKEN,94,Nancy Chin,75,1,65,6,34,68,25,2,80,90,78,84,100,47,79,0,100,0,0,45,32,32,90,50,0,Left,Left,Girl,,,,,29,60,45,78,78,P,51,36,37,56,42,,-23,2,12,126,55,54.8,-55,2,28,44,84.2,67.4,24,2,0,279,0.0,0.0,-76,2,38,16,94.3,75.4,"Top tier pitcher who can defend at their position, totally lacks in offensive skills",,5,7,8,6
125,TAKEN,144,Omar Stephano,75,1,65,6,34,68,25,2,80,90,78,84,100,47,79,0,100,0,0,45,32,90,90,50,0,Left,Left,Boy,,,,,29,60,45,78,78,P,51,36,37,56,42,,-23,2,12,126,55,54.8,-55,2,28,44,84.2,67.4,24,2,0,279,0.0,0.0,-76,2,38,16,94.3,75.4,"Top tier pitcher who can defend at their position, totally lacks in offensive skills",,5,7,8,6
127,TAKEN,89,Liz Kinghorn,50,39,88,7,64,100,50,2,60,42,55,51,64,56,41,86,0,0,0,75,0,0,0,0,48,Right,Right,Girl,,,,,63,75,72,58,58,OF,83,66,67,60,66,,-32,3,11,138,51,40.4,-17,2,9,152,45.5,36.4,-62,2,31,32,88.5,70.8,24,2,0,279,0.0,0.0,"Decent hitter who can keep the ball low, fast outfielder but can sort of play IF too",,4,9,5,7
127,TAKEN,139,Jordan Thorner,50,39,88,7,64,100,50,2,60,42,55,51,64,56,41,86,0,0,0,75,0,0,0,0,48,Right,Right,Boy,,,,,63,75,72,58,58,OF,83,66,67,60,66,,-32,3,11,138,51,40.4,-17,2,9,152,45.5,36.4,-62,2,31,32,88.5,70.8,24,2,0,279,0.0,0.0,"Decent hitter who can keep the ball low, fast outfielder but can sort of play IF too",,4,9,5,7
129,TAKEN,28,Dante Robinson,50,39,88,7,64,100,50,2,60,42,85,51,64,56,41,86,0,0,0,75,0,0,0,0,48,Left,Left,Boy,Mar,3,Stretch,,61,75,72,58,58,OF,83,66,67,60,66,,-32,3,11,138,51,40.4,-17,2,9,152,45.5,36.4,-62,2,31,32,88.5,70.8,24,2,0,279,0.0,0.0,"Decent hitter who can keep the ball low, fast outfielder but can sort of play IF too",,4,9,5,7
130,TAKEN,192,Adam Van Doren,48,77,94,7,48,60,4,2,50,95,56,38,83,68,25,45,10,0,0,100,63,28,28,32,0,Left,Left,Boy,,,,,70,75,61,38,38,OF / 2B,62,55,54,67,51,,-44,3,15,100,64,51.3,-1,2,1,215,22.9,18.4,-21,2,11,165,40.9,32.7,14,2,0,279,0.0,0.0,"Surprisingly competent hitter and so-so defender, poor eye makes him hard to master",,7,10,3,3
131,TAKEN,202,Donald Vogel,35,53,60,6,90,85,93,2,30,65,94,81,40,75,0,45,38,0,0,57,67,28,32,32,62,Right,Right,Boy,,,,,38,60,83,46,58,SS / C,82,80,85,61,83,,-51,3,17,78,72,57.6,24,2,0,279,0.0,0.0,-21,2,11,165,40.9,32.7,-14,2,7,166,40.5,32.4,"Very good fielder at every position, lackluster hitter but can surprise sometimes",,4,7,5,6
132,TAKEN,185,Ruth Proutt,21,100,88,7,60,65,69,2,30,32,57,50,25,83,0,26,57,27,25,0,33,50,23,0,25,Left,Left,Girl,,,,,51,75,66,48,48,OF,85,57,56,54,59,,-59,3,20,53,81,64.8,24,2,0,279,0.0,0.0,-2,2,1,221,20.8,16.6,-33,2,17,113,59.5,47.6,Great outfielder who is reliable at finding a good soft hit to get on base with,,8,9,4,4
133,TAKEN,101,Sheila Basanti,61,43,83,7,44,27,57,2,50,23,45,49,94,74,22,0,50,36,0,0,0,0,38,69,71,Left,Left,Girl,,,,,55,75,55,37,37,OF,73,44,40,48,46,,-50,3,17,78,72,57.6,2,2,0,279,0.0,0.0,24,2,0,279,0.0,0.0,-26,2,13,127,54.5,43.6,"Decent offense, basically only good at playing the outfield",,5,9,3,4
133,TAKEN,151,Shane Smith,61,43,83,7,44,27,57,2,50,23,45,49,94,74,22,0,50,36,0,0,0,38,38,69,71,Left,Left,Boy,,,,,55,75,55,37,37,OF,73,44,40,48,46,,-50,3,17,78,72,57.6,2,2,0,279,0.0,0.0,24,2,0,279,0.0,0.0,-26,2,13,127,54.5,43.6,"Decent offense, basically only good at playing the outfield",,5,9,3,4
135,TAKEN,4,Vicki Kawaguchi,25,25,84,7,52,59,100,2,100,27,54,79,39,22,80,45,0,0,50,79,0,0,0,54,0,Right,Right,Girl,Nov,5,Swan,,34,75,66,42,42,OF,92,52,51,55,54,,2,3,0,279,0,0.0,-56,2,28,44,84.2,67.4,-21,2,11,165,40.9,32.7,24,2,0,279,0.0,0.0,"Top tier outfielder, not good at hitting but can still sometimes get on with speed",,1,9,5,10
136,TAKEN,14,Jocinda Smith,54,100,44,5,62,94,82,4,70,66,65,38,78,35,50,48,26,62,0,0,0,0,0,0,85,Right,Right,Girl,Sep,28,MVP,,40,46,63,43,43,1B,49,59,49,95,49,,-11,3,4,182,35,27.8,-26,2,13,123,55.9,44.7,-24,2,12,155,44.4,35.6,-2,2,1,208,25.4,20.4,"Top tier 1B, good contact hitter but lacks the speed to get on sometimes",,10,5,3,9
137,TAKEN,54,Tony Gwynn,65,84,57,5,58,85,82,3,70,93,46,21,98,6,80,43,47,62,0,0,0,0,0,0,85,Left,Left,Boy,May,9,Pal,,49,46,54,57,57,1B,45,50,45,75,56,,18,3,0,279,0,0.0,-56,2,28,44,84.2,67.4,-19,2,10,176,36.9,29.5,-23,2,12,141,49.5,39.6,"Good 1B who can sort of play other positions, good hitter but not very fast",,9,6,3,8
137,TAKEN,255,Raquel Cullen,65,84,57,5,58,85,82,3,70,93,46,21,98,6,80,43,47,62,0,0,0,0,0,0,85,Left,Left,Girl,,,,,49,46,54,57,57,1B,45,50,45,75,56,,18,3,0,279,0,0.0,-56,2,28,44,84.2,67.4,-19,2,10,176,36.9,29.5,-23,2,12,141,49.5,39.6,"Good 1B who can sort of play other positions, good hitter but not very fast",,9,6,3,8
139,TAKEN,7,Billy Jean Blackwood,29,95,55,5,64,82,71,5,30,85,61,45,28,10,34,47,86,0,89,0,31,0,41,0,0,Right,Right,Girl,Jan,26,Crazy Legs,,18,46,73,54,54,1B,53,65,54,99,50,,14,3,0,279,0,0.0,-10,2,5,186,33.3,26.7,-23,2,12,155,44.4,35.6,-62,2,31,44,84.2,67.4,"Best 1B in the game, basically worth it for that alone, value goes up a lot with Marky",,8,6,4,5
140,TAKEN,227,Trent Sizemore,16,73,71,6,94,40,68,2,100,80,49,73,56,12,80,28,50,15,0,0,0,78,78,65,59,Right,Right,Boy,,,,,25,60,91,54,54,any,78,89,94,68,89,,12,3,0,279,0,0.0,-56,2,28,44,84.2,67.4,-4,2,2,212,24.0,19.2,-26,2,13,127,54.5,43.6,"Top tier defender but very much lacks offensive stats, can play anywhere",,5,8,5,10
141,TAKEN,217,Scotty Roth,16,73,71,6,96,40,84,2,30,80,82,7,52,62,50,0,45,15,0,0,0,78,78,65,59,Right,Right,Boy,,,,,25,60,90,42,50,any,82,88,93,65,89,,-38,4,10,144,48,24.2,-26,2,13,123,55.9,44.7,24,2,0,279,0.0,0.0,-21,2,11,151,45.9,36.7,"Top tier defender but very much lacks offensive stats, can play anywhere, poor stamina",,5,8,2,5
142,TAKEN,12,Luanne Lui,18,77,96,8,24,1,29,1,70,17,27,55,82,83,71,81,60,25,0,18,96,0,0,0,0,Right,Right,Girl,Jan,27,Lulu,,70,88,25,76,76,P,56,3,15,12,34,,-59,3,20,53,81,64.8,-47,2,24,62,77.8,62.2,-57,2,29,43,84.6,67.7,-36,2,18,111,60.2,48.2,"Extremely fast, great pitcher, very poor defender due to being so short",,6,10,9,4
143,TAKEN,82,Karen Donato,78,57,61,6,52,28,43,2,40,35,41,12,100,50,85,0,26,32,62,0,46,66,0,0,90,Right,Right,Girl,,,,,62,60,47,46,51,OF,57,42,42,45,50,,-26,4,7,163,42,20.8,-61,2,31,27,90.3,72.3,24,2,0,279,0.0,0.0,-2,2,1,208,25.4,20.4,"Good line drive hitter, doesn't excel anywhere defensively, awful stamina",,8,7,2,3
143,TAKEN,132,Horace Young,78,57,61,6,52,28,43,2,40,35,41,12,100,50,85,0,26,32,32,62,0,46,66,0,90,Right,Right,Boy,,,,,62,60,47,46,51,OF,57,42,42,45,50,,-26,4,7,163,42,20.8,-61,2,31,27,90.3,72.3,24,2,0,279,0.0,0.0,-2,2,1,208,25.4,20.4,"Good line drive hitter, doesn't excel anywhere defensively, awful stamina",,8,7,2,3
145,TAKEN,201,Derek McCattery,62,66,79,6,40,36,17,2,50,47,93,73,18,85,58,68,45,67,0,0,28,31,0,0,73,Left,Left,Boy,,,,,55,60,40,64,64,P / OF,50,31,32,45,42,,-61,3,21,51,82,65.4,-34,2,17,103,63.1,50.5,-44,2,22,102,63.4,50.8,-21,2,11,151,45.9,36.7,"Decent hitter, solid relief pitcher, poor eyesight",,7,8,9,3
145.1,TAKEN,18,Amir Khan,73,64,56,5,26,36,100,2,50,88,30,25,87,88,69,90,90,100,0,0,0,43,64,86,66,Right,Right,Boy,Sep,1,Sticks,,57,46,27,86,86,P,35,16,16,32,34,,-64,3,22,40,86,68.5,-45,2,23,64,77.1,61.6,-66,2,33,27,90.3,72.3,-66,2,33,23,91.8,73.4,"Good line drive hitter, top tier pitcher, lacks defensively, always picked with Achmed",,7,6,9,5
146,TAKEN,63,Arlene Perez,67,45,60,6,42,3,80,2,90,24,21,24,16,6,80,43,47,0,67,0,0,28,31,31,86,Right,Right,Girl,,,,,55,60,42,57,57,OF,62,33,33,39,43,,18,3,0,279,0,0.0,-56,2,28,44,84.2,67.4,-19,2,10,176,36.9,29.5,-23,2,12,141,49.5,39.6,Decent on-base hitter who only really specializes in catching the ball,,6,7,3,7
146,TAKEN,113,Artie Pimbleton,67,45,60,6,42,3,80,2,90,24,21,24,16,6,80,43,47,0,0,67,0,0,28,31,86,Right,Right,Boy,,,,,55,60,42,57,57,OF,62,33,33,39,43,,18,3,0,279,0,0.0,-56,2,28,44,84.2,67.4,-19,2,10,176,36.9,29.5,-23,2,12,141,49.5,39.6,Decent on-base hitter who only really specializes in catching the ball,,6,7,3,7
146.1,TAKEN,2,Maria (not pink),67,45,60,6,42,3,80,2,90,24,21,24,16,6,80,43,47,0,67,0,0,0,28,31,86,Left,Left,Girl,Jul,23,Pinky,,55,60,42,57,57,OF,62,33,33,39,43,,18,3,0,279,0,0.0,-56,2,28,44,84.2,67.4,-19,2,10,176,36.9,29.5,-23,2,12,141,49.5,39.6,Decent on-base hitter who only really specializes in catching the ball,,6,7,3,7
148,TAKEN,11,Stephanie Morgan,40,72,68,6,56,68,88,3,70,1,93,32,96,70,44,22,78,88,76,0,0,0,39,0,0,Right,Right,Girl,Aug,15,Bubbles,,39,60,61,59,59,1B / OF,72,54,47,72,54,,-46,3,16,91,67,53.9,-20,2,10,145,48.0,38.4,2,2,0,279,0.0,0.0,-54,2,27,67,76.0,60.8,"Decent defender, awful attention so must remain active, good relief pitcher",,6,7,5,8
148.1,TAKEN,8,Ashley Webber,34,62,62,6,64,48,95,3,20,50,56,94,58,66,21,78,0,0,81,0,58,70,0,0,71,Right,Right,Girl,Feb,18,Little Smokey,,38,60,70,54,60,1B / OF,79,69,63,77,63,,-42,2,21,51,82,81.7,3,2,0,279,0.0,0.0,-54,2,27,51,81.7,65.4,24,2,0,279,0.0,0.0,Not really relevant since the two Webbers are always paired together,,5,7,6,4
148.2,TAKEN,9,Sidney Webber,34,62,62,6,64,48,95,3,20,50,56,94,58,66,21,78,0,0,81,0,58,70,0,0,71,Right,Right,Girl,Feb,18,Little Smokey,,38,60,70,54,60,1B / OF,79,69,63,77,63,,-42,2,21,51,82,81.7,3,2,0,279,0.0,0.0,-54,2,27,51,81.7,65.4,24,2,0,279,0.0,0.0,Not really relevant since the two Webbers are always paired together,,5,7,6,4
149,TAKEN,13,Annie Frazier,38,96,74,6,48,19,49,3,90,100,1,1,36,41,14,51,19,78,86,81,0,0,91,70,100,Left,Left,Girl,Sep,18,Flipper,,46,60,58,23,23,1B,62,60,53,82,49,,-17,4,5,177,37,18.3,10,2,0,279,0.0,0.0,-27,2,14,136,51.3,41.0,5,2,0,279,0.0,0.0,"Okay hitter who can really only play 1B, max attention is nice but lacks aggression",,9,8,1,7
149.1,TAKEN,7.1,BIlly Jean (w/ Marky),29,45,43,5,34,42,31,5,30,45,41,25,28,10,34,47,86,0,89,0,31,0,41,0,0,Right,Right,Girl,Jan,26,Crazy Legs,,11,46,73,54,54,1B,37,35,21,98,32,,14,3,0,279,0,0.0,-10,2,5,186,33.3,26.7,-23,2,12,155,44.4,35.6,-62,2,31,44,84.2,67.4,"Still one of the best 1Bs in the game, almost always worth it",,3,5,3,2
150,TAKEN,107,Tina Herrara,22,43,70,6,86,100,87,2,40,78,15,42,59,75,88,25,0,52,38,23,49,49,78,0,0,Right,Right,Girl,,,,,26,60,81,57,57,SS / C,78,79,84,64,82,,-51,3,17,78,72,57.6,-64,2,32,19,93.2,74.6,-1,2,1,221,20.8,16.6,24,2,0,279,0.0,0.0,"Very good fielder, decent relief pitcher, not a good hitter but has okay speed",,3,8,5,7
150,TAKEN,157,Vic Soufle,22,43,70,6,86,100,87,2,40,78,15,42,59,75,88,25,0,52,38,23,49,78,78,0,0,Right,Right,Boy,,,,,26,60,81,57,57,SS / C,78,79,84,64,82,,-51,3,17,78,72,57.6,-64,2,32,19,93.2,74.6,-1,2,1,221,20.8,16.6,24,2,0,279,0.0,0.0,"Very good fielder, decent relief pitcher, not a good hitter but has okay speed",,3,8,5,7
152,TAKEN,99,Randi Uno,80,29,55,5,78,67,33,2,40,78,29,83,24,0,12,42,73,0,87,65,0,0,0,24,51,Right,Right,Girl,,,,,46,46,57,35,35,3B / SS,35,58,59,40,71,,24,3,0,279,0,0.0,12,2,0,279,0.0,0.0,-18,2,9,180,35.5,28.4,-49,2,25,85,69.5,55.6,"Good power but poor contact, decent infielders, not good for homers",,7,6,4,4
152,TAKEN,149,Robby Bocko,80,29,55,5,78,67,33,2,40,78,29,83,24,0,12,42,73,0,87,65,0,0,0,24,51,Right,Right,Boy,,,,,46,46,57,35,35,3B / SS,35,58,59,40,71,,24,3,0,279,0,0.0,12,2,0,279,0.0,0.0,-18,2,9,180,35.5,28.4,-49,2,25,85,69.5,55.6,"Good power but poor contact, decent infielders, not good for homers",,7,6,4,4
154,TAKEN,16,Ronny Dobbs,86,24,52,5,88,68,31,1,30,25,41,52,82,92,26,74,38,79,0,65,0,70,73,0,0,Right,Right,Boy,Aug,10,Spud,,67,46,34,61,61,C,30,20,53,4,81,,-68,3,23,34,88,70.3,-2,2,1,215,22.9,18.4,-50,2,25,77,72.4,57.9,-14,2,7,166,40.5,32.4,"Solid hitter, low contact is tough, good relief pitcher, poor defender due to being short",,7,6,7,4
155,TAKEN,79,Joella Minotti,89,64,46,5,26,36,20,2,50,88,50,25,87,28,19,0,90,100,0,0,0,64,86,86,66,Right,Right,Girl,,,,,77,46,21,37,37,2B,23,15,15,32,33,,-4,3,2,208,25,20.4,5,2,0,279,0.0,0.0,24,2,0,279,0.0,0.0,-66,2,33,23,91.8,73.4,"Good but not top tier power, poor defender, only good if you REALLY need power",,9,5,2,3
155,TAKEN,129,Gary Allen,89,64,46,5,26,36,20,2,50,88,50,25,87,28,19,0,90,100,100,0,0,0,64,86,66,Right,Right,Boy,,,,,77,46,21,37,37,2B,23,15,15,32,33,,-4,3,2,208,25,20.4,5,2,0,279,0.0,0.0,24,2,0,279,0.0,0.0,-66,2,33,23,91.8,73.4,"Good but not top tier power, poor defender, only good if you REALLY need power",,9,5,2,3
157,TAKEN,181,Lorelei Ikaye,53,100,60,6,22,53,85,2,40,78,94,9,64,86,65,67,0,62,0,46,66,0,60,68,0,Right,Right,Girl,,,,,55,60,37,56,66,OF,56,23,21,47,33,,-62,4,16,91,67,33.7,-41,2,21,83,70.3,56.2,-43,2,22,102,63.4,50.8,24,2,0,279,0.0,0.0,"Solid line drive hitter, poor defender, decent relief pitcher",,10,7,4,4
158,TAKEN,29,Ernie Steele,62,36,57,5,34,85,71,4,100,18,69,85,63,12,60,58,66,85,80,0,0,0,0,0,0,Right,Right,Boy,Apr,21,Funnybones,,39,46,52,60,60,1B,39,28,18,90,33,,12,2,0,279,0,0.0,-36,2,18,99,64.5,51.6,-34,2,17,128,54.1,43.3,-42,2,21,109,60.9,48.7,"Okay hitter, good 1B, poor attention, decent relief pitcher, awful arm due to his height",,5,6,7,10
159,TAKEN,1,Kimmy Eckman,72,42,34,4,74,75,43,2,20,56,74,31,47,55,35,44,34,58,53,59,0,0,0,86,84,Right,Right,Girl,Jun,22,Twinkie Toes,,35,32,32,38,38,3B,19,37,38,20,64,,-31,3,11,138,51,40.4,-11,2,6,175,37.3,29.8,-20,2,10,176,36.9,29.5,-10,2,5,174,37.6,30.1,"Mediocre hitter, mediocre defense, really needs Eckman Acres to thrive",,6,4,3,3
160,TAKEN,3,Angela Delvecchio,89,40,34,4,14,22,63,2,10,14,100,83,57,29,100,74,72,0,0,0,57,75,67,28,0,Right,Right,Girl,Dec,20,Sugar Pop,,61,32,4,78,78,P,9,2,1,3,20,,-5,3,2,208,25,20.4,-76,2,38,15,94.6,75.7,-50,2,25,77,72.4,57.9,-48,2,24,93,66.7,53.3,"Good hitter and great pitcher but awful defender, not fast either",,8,4,10,1
160.1,TAKEN,3.1,Angela (vs Tony),89,80,84,7,74,82,63,2,60,44,100,93,87,59,66,74,72,0,0,0,57,75,67,28,0,Right,Right,Girl,Dec,20,Sugar Pop,,91,75,74,73,98,OF / P,90,70,73,61,72,,-35,2,18,67,76,76.0,-42,2,21,83,70.3,56.2,-50,2,25,77,72.4,57.9,-48,2,24,93,66.7,53.3,Very good but only functional when playing vs Tony Delvecchio (rare),,10,9,10,7
161,TAKEN,51,Jason Giambi,81,41,37,4,24,45,60,3,100,52,81,62,87,70,29,66,74,32,62,0,46,56,66,0,87,Left,Right,Boy,Jan,8,Slugger,,44,32,29,61,61,1B,14,14,7,60,28,,-46,3,16,91,67,53.9,-5,2,3,197,29.4,23.5,-42,2,21,110,60.6,48.5,-50,2,25,85,69.5,55.6,"Okay power but poor speed, only good at 1B, good relief pitcher",,7,4,7,8
161,TAKEN,252,Melissa Waters,81,41,37,4,24,45,60,3,100,52,81,62,87,70,29,66,74,32,62,0,46,56,66,0,87,Left,Right,Girl,,,,,44,32,29,61,61,1B,14,14,7,60,28,,-46,3,16,91,67,53.9,-5,2,3,197,29.4,23.5,-42,2,21,110,60.6,48.5,-50,2,25,85,69.5,55.6,"Okay power but poor speed, only good at 1B, good relief pitcher",,7,4,7,8
163,TAKEN,91,Mary Reilly,54,81,21,4,100,49,58,2,70,41,80,24,61,38,73,37,47,0,0,100,0,0,49,0,0,Right,Right,Girl,,,,,36,32,76,54,54,C,28,68,72,26,88,,-14,3,5,177,37,29.2,-49,2,25,55,80.3,64.2,-13,2,7,191,31.5,25.2,-23,2,12,141,49.5,39.6,"Good fielder, slow, can sometimes overperform due to good contact hitting",,8,3,4,8
164,TAKEN,141,Murray Goldman,54,81,21,4,100,49,58,2,70,41,50,24,61,38,73,37,47,0,0,100,0,49,49,0,0,Right,Right,Boy,,,,,36,32,76,54,54,C,28,68,72,26,88,,-14,3,5,177,37,29.2,-49,2,25,55,80.3,64.2,-13,2,7,191,31.5,25.2,-23,2,12,141,49.5,39.6,"Good fielder, slow, can sometimes overperform due to good contact hitting",,8,3,4,8
165,TAKEN,188,Tracy Hoban,65,34,38,4,100,72,79,2,80,28,12,92,52,11,50,21,56,0,75,0,0,0,52,38,23,Left,Left,Girl,,,,,27,32,75,38,58,C,31,66,69,24,89,,13,2,0,279,0,0.0,-26,2,13,123,55.9,44.7,3,2,0,279,0.0,0.0,-32,2,16,119,57.3,45.9,"Good fielder, slow, not a good hitter, low attention makes her a tougher catcher choice",,5,4,5,10
166,TAKEN,52,Curt Schilling,15,66,58,5,96,55,75,3,70,52,46,57,95,88,74,70,79,75,64,57,40,100,74,60,100,Right,Right,Boy,Nov,14,Heater,,15,46,80,76,76,P / C,54,81,78,74,86,,-64,3,22,40,86,68.5,-50,2,25,55,80.3,64.2,-46,2,23,87,68.8,55.1,-55,2,28,59,78.9,63.1,"Top tier pitcher, great defender, horrible hitter",,5,6,10,8
166,TAKEN,253,Nan Porter,15,66,58,5,96,55,75,3,70,52,46,57,95,88,74,70,79,75,64,57,40,100,74,60,100,Right,Right,Girl,,,,,15,46,80,76,76,P / C,54,81,78,74,86,,-64,3,22,40,86,68.5,-50,2,25,55,80.3,64.2,-46,2,23,87,68.8,55.1,-55,2,28,59,78.9,63.1,"Top tier pitcher, great defender, horrible hitter",,5,6,10,8
168,TAKEN,67,Colleen Klinker,64,1,47,5,86,84,51,2,70,50,52,42,32,80,71,35,68,97,0,97,0,0,50,50,80,Right,Right,Girl,,,,,21,46,70,68,68,SS / 3B,40,64,67,36,78,,-56,3,19,64,77,61.6,-47,2,24,62,77.8,62.2,-11,2,6,194,30.5,24.4,-44,2,22,103,63.1,50.5,"Solid defensive specialist, terrible at making contact, good relief pitcher",,4,5,7,8
168,TAKEN,117,Chad Koppel,64,1,47,5,86,84,51,2,70,50,52,42,32,80,71,35,68,97,97,0,97,0,0,50,80,Right,Right,Boy,,,,,21,46,70,68,68,SS / 3B,40,64,67,36,78,,-56,3,19,64,77,61.6,-47,2,24,62,77.8,62.2,-11,2,6,194,30.5,24.4,-44,2,22,103,63.1,50.5,"Solid defensive specialist, terrible at making contact, good relief pitcher",,4,5,7,8
170,TAKEN,219,Vincent Sweet,51,46,47,5,84,79,20,2,90,80,65,97,71,62,6,8,56,0,65,48,76,0,0,28,34,Right,Right,Boy,,,,,34,46,70,45,56,SS / 3B,36,65,68,47,77,,-38,2,19,64,77,77.1,18,2,0,279,0.0,0.0,16,2,0,279,0.0,0.0,-32,2,16,119,57.3,45.9,"Good fielder, very mediocre hitter, lacks eyesight",,4,5,5,9
171,TAKEN,64,Betty Houstan,89,40,34,4,14,22,63,2,10,14,70,83,57,29,66,74,72,0,0,0,57,67,28,28,0,Right,Right,Girl,,,,,61,32,4,70,70,P,9,2,1,3,20,,-5,3,2,208,25,20.4,-42,2,21,83,70.3,56.2,-50,2,25,77,72.4,57.9,-48,2,24,93,66.7,53.3,"Good hitter and good pitcher but awful defender, not fast either",,8,4,9,1
171,TAKEN,114,Bobby Bulgrien,89,40,34,4,14,22,63,2,10,14,70,83,57,29,66,74,72,0,0,0,0,57,67,28,0,Right,Right,Boy,,,,,61,32,4,70,70,P,9,2,1,3,20,,-5,3,2,208,25,20.4,-42,2,21,83,70.3,56.2,-50,2,25,77,72.4,57.9,-48,2,24,93,66.7,53.3,"Good hitter and good pitcher but awful defender, not fast either",,8,4,9,1
173,TAKEN,169,Erin Harris,57,41,58,5,80,27,5,2,30,5,70,49,98,85,68,79,0,81,0,58,0,0,0,62,0,Left,Left,Girl,,,,,51,46,47,74,74,P,33,54,55,25,72,,-61,3,21,51,82,65.4,-44,2,22,75,73.1,58.5,-55,2,28,45,83.9,67.1,24,2,0,279,0.0,0.0,"Competent hitter with okay fielding and good pitching, poor attention",,5,6,7,2
174,TAKEN,122,Dominique Lowe,40,72,68,6,56,68,88,2,60,1,83,32,96,70,44,22,78,88,88,76,0,0,39,0,0,Left,Left,Boy,,,,,38,60,50,59,59,OF,68,43,39,35,54,,-46,3,16,91,67,53.9,-20,2,10,145,48.0,38.4,2,2,0,279,0.0,0.0,-54,2,27,67,76.0,60.8,"Competent fielder, good relief pitcher, can occasionally get a good hit",,6,7,5,7
175,TAKEN,72,Gail Weinmann,40,72,68,6,56,68,88,2,60,1,73,32,96,70,44,22,78,88,76,0,0,39,0,0,0,Left,Left,Girl,,,,,38,60,50,59,59,OF,68,43,39,35,54,,-46,3,16,91,67,53.9,-20,2,10,145,48.0,38.4,2,2,0,279,0.0,0.0,-54,2,27,67,76.0,60.8,"Competent fielder, good relief pitcher, can occasionally get a good hit",,6,7,5,7
176,TAKEN,228,Perry Marx,88,23,37,4,52,52,41,2,40,31,48,81,2,48,100,8,10,0,0,45,32,90,90,50,0,Right,Right,Boy,,,,,49,32,13,43,50,P / 2B,11,15,14,9,45,,-24,3,8,156,44,35.3,-76,2,38,15,94.6,75.7,16,2,0,279,0.0,0.0,14,2,0,279,0.0,0.0,"Very budget power hitter, mostly salvaged by a decent arm, mediocre relief pitcher",,7,4,6,4
177,TAKEN,218,Terry Vega,88,23,37,4,22,52,31,2,90,31,87,41,9,25,0,57,68,0,0,45,32,90,90,50,0,Right,Right,Boy,,,,,49,32,4,45,45,2B,7,4,3,6,27,,-1,3,1,217,22,17.8,24,2,0,279,0.0,0.0,-33,2,17,128,54.1,43.3,-44,2,22,103,63.1,50.5,"Very budget power hitter, horrible fielder, mediocre relief pitcher",,7,4,3,7
178,TAKEN,205,Jerry Mahoney,86,19,35,4,32,45,11,2,100,73,48,30,23,68,86,65,67,0,97,0,0,50,0,0,60,Left,Left,Boy,,,,,45,32,14,71,71,P,6,11,12,18,34,,-44,3,15,100,64,51.3,-62,2,31,27,90.3,72.3,-41,2,21,110,60.6,48.5,-43,2,22,103,63.1,50.5,"Super unreliable power hitter, good pitcher, very poor fielder",,7,4,8,7
179,TAKEN,65,Cindy Chang,1,15,84,7,52,59,76,2,100,27,14,79,39,22,80,45,0,0,50,79,0,0,54,54,0,Left,Left,Girl,,,,,25,75,64,42,42,OF,86,52,51,55,54,,2,3,0,279,0,0.0,-56,2,28,44,84.2,67.4,-21,2,11,165,40.9,32.7,24,2,0,279,0.0,0.0,"Solid outfielder, worst bat in the game, even with speed it's hard to get on base",,1,9,5,10
179,TAKEN,115,Bret Olson,1,15,84,7,52,59,76,2,100,27,14,79,39,22,80,45,0,0,0,50,79,0,0,54,0,Left,Left,Boy,,,,,25,75,64,42,42,OF,86,52,51,55,54,,2,3,0,279,0,0.0,-56,2,28,44,84.2,67.4,-21,2,11,165,40.9,32.7,24,2,0,279,0.0,0.0,"Solid outfielder, worst bat in the game, even with speed it's hard to get on base",,1,9,5,10
181,TAKEN,177,Jody Palmer,36,26,67,6,70,86,54,2,30,46,50,74,81,22,68,45,81,100,53,0,0,75,80,34,36,Right,Right,Girl,,,,,26,60,61,65,65,P / OF,63,61,59,50,66,,2,3,0,279,0,0.0,-44,2,22,75,73.1,58.5,-21,2,11,165,40.9,32.7,-57,2,29,50,82.1,65.7,"Competent fielder with good pitching, very poor hitter",,2,7,7,5
182,TAKEN,184,Rosanna Phelps,37,34,64,6,62,98,47,2,70,57,6,68,35,70,37,80,0,60,33,0,45,56,0,0,100,Right,Right,Girl,,,,,26,60,58,59,59,3B / 2B,60,57,57,52,61,,-46,3,16,91,67,53.9,-13,2,7,168,39.8,31.8,-56,2,28,45,83.9,67.1,24,2,0,279,0.0,0.0,"Decent budget fielder with decent pitching, lacks offensive stats",,3,7,6,8
183,TAKEN,22,Ricky Johnson,25,27,71,6,26,15,29,4,90,50,3,78,70,16,33,93,0,0,0,0,0,79,33,58,59,Right,Right,Boy,Feb,14,Fella,,26,60,58,42,42,1B,59,46,30,95,31,,8,3,0,279,0,0.0,-9,2,5,186,33.3,26.7,-69,2,35,19,93.2,74.6,24,2,0,279,0.0,0.0,"Basically only good at 1B, poor hitter, unimpressive overall",,1,8,5,6
184,TAKEN,23,Marky Dubois,57,49,37,4,56,71,49,3,90,39,48,92,11,72,10,68,27,18,0,38,76,0,78,57,21,Left,Left,Boy,Sep,6,Cootie,,29,32,33,61,74,1B / P,21,25,21,64,49,,-48,2,24,30,89,89.2,14,2,0,279,0.0,0.0,-44,2,22,102,63.4,50.8,-3,2,2,195,30.1,24.1,"Decent pitcher, okay 1B, bad at everything else, basically only good with Billy Jean",,5,4,7,9
184.1,TAKEN,23.5,Marky (w/ BJ & on Sox),57,30,37,4,56,35,30,3,40,30,48,50,11,72,60,68,77,18,0,38,76,0,78,57,21,Left,Left,Boy,Sep,6,Cootie,,26,32,32,68,68,1B / P,18,25,21,63,48,,-48,3,16,91,67,53.9,-36,2,18,99,64.5,51.6,-44,2,22,102,63.4,50.8,-53,2,27,67,76.0,60.8,Absolutely no reason to do this to yourself,,4,4,8,3
185,TAKEN,229,Dominic Hoskins,51,46,47,5,50,79,90,2,80,80,53,37,35,68,86,65,67,0,65,48,76,0,0,28,34,Right,Right,Boy,,,,,35,46,32,71,71,P / 2B,38,25,28,35,49,,-44,3,15,100,64,51.3,-62,2,31,27,90.3,72.3,-41,2,21,110,60.6,48.5,-43,2,22,103,63.1,50.5,"Good pitcher, lacks in offense and fielding",,4,5,8,9
186,TAKEN,95,Olga Tollefson,29,76,88,7,10,49,34,2,70,100,38,29,71,100,60,57,37,0,65,48,76,76,0,28,34,Right,Right,Girl,,,,,46,75,44,64,64,2B / OF,59,26,27,62,30,,-76,3,26,22,92,73.7,-36,2,18,99,64.5,51.6,-33,2,17,128,54.1,43.3,-13,2,7,166,40.5,32.4,"Decent offensive specialist, extremely difficult to use fielders",,6,9,6,5
186,TAKEN,145,Paco Kaufman,29,76,88,7,10,49,34,2,70,100,38,29,71,100,60,57,37,0,65,48,76,0,0,28,34,Right,Right,Boy,,,,,46,75,44,64,64,2B / OF,59,26,27,62,30,,-76,3,26,22,92,73.7,-36,2,18,99,64.5,51.6,-33,2,17,128,54.1,43.3,-13,2,7,166,40.5,32.4,"Decent offensive specialist, extremely difficult to use fielders",,6,9,6,5
188,TAKEN,96,Olive Hussein,49,63,65,6,28,76,33,2,90,77,66,77,18,27,38,12,0,80,34,36,12,12,0,29,15,Right,Right,Girl,,,,,51,60,40,19,22,2B / OF,51,29,29,50,39,,-3,3,1,217,22,17.8,-14,2,7,168,39.8,31.8,12,2,0,279,0.0,0.0,24,2,0,279,0.0,0.0,"Decent late round line drive hitter, bad defensively but not atrocious",,6,7,2,7
188,TAKEN,146,PJ Shareef,49,63,65,6,28,76,33,2,90,77,66,77,18,27,38,12,0,80,34,36,12,0,0,29,15,Right,Right,Boy,,,,,51,60,40,19,22,2B / OF,51,29,29,50,39,,-3,3,1,217,22,17.8,-14,2,7,168,39.8,31.8,12,2,0,279,0.0,0.0,24,2,0,279,0.0,0.0,"Decent late round line drive hitter, bad defensively but not atrocious",,6,7,2,7
190,TAKEN,150,Ryan VanderHoek,33,55,24,4,100,78,37,2,40,88,85,27,38,100,56,74,48,60,68,0,100,29,29,85,0,Left,Left,Boy,,,,,8,32,65,69,69,C,25,70,77,33,89,,-76,3,26,22,92,73.7,-32,2,16,108,61.3,49.0,-50,2,25,77,72.4,57.9,-24,2,12,141,49.5,39.6,"Good fielder with a cannon arm, can relief pitch, awful hitter",,4,3,7,5
191,TAKEN,100,Serena Damonte,33,55,24,4,100,78,37,2,40,88,45,27,38,100,56,74,48,60,68,0,100,100,29,85,0,Left,Left,Girl,,,,,8,32,65,69,69,C,25,70,77,33,89,,-76,3,26,22,92,73.7,-32,2,16,108,61.3,49.0,-50,2,25,77,72.4,57.9,-24,2,12,141,49.5,39.6,"Good fielder with a cannon arm, can relief pitch, awful hitter",,4,3,7,5
192,TAKEN,19,Kenny Kawaguchi,19,49,70,6,42,38,100,2,40,93,75,100,75,29,91,31,26,33,47,0,0,57,100,59,64,Right,Right,Boy,Nov,20,K-Man,,25,60,51,54,54,OF / P,64,40,41,57,45,,-5,2,3,189,32,32.3,-67,1,67,4,98.6,98.6,-7,1,7,191,31.5,31.5,-2,1,2,195,30.1,30.1,"Competent fielder with good relief pitching, cannot fall over at all",,3,8,7,5
193,TAKEN,80,Judy Abwunza,19,49,70,6,42,38,100,2,40,93,75,100,75,29,91,31,26,33,47,0,0,100,59,59,64,Right,Right,Girl,,,,,25,60,51,54,54,OF / P,64,40,41,57,45,,-5,2,3,189,32,32.3,-67,1,67,4,98.6,98.6,-7,1,7,191,31.5,31.5,-2,1,2,195,30.1,30.1,Competent fielder with good relief pitching,,3,8,7,5
193,TAKEN,130,George Coleman,19,49,70,6,42,38,100,2,40,93,75,100,75,29,91,31,26,33,33,47,0,0,100,59,64,Right,Right,Boy,,,,,25,60,51,54,54,OF / P,64,40,41,57,45,,-5,2,3,189,32,32.3,-67,1,67,4,98.6,98.6,-7,1,7,191,31.5,31.5,-2,1,2,195,30.1,30.1,Competent fielder with good relief pitching,,3,8,7,5
195,TAKEN,197,Butch Sherrod,51,35,25,4,88,82,99,2,80,12,57,87,37,28,68,31,40,28,87,35,0,45,45,75,12,Right,Right,Boy,,,,,31,32,61,49,49,C / 3B,31,51,54,18,79,,-4,2,2,208,25,25.4,-44,2,22,75,73.1,58.5,-7,2,4,199,28.7,22.9,-16,2,8,154,44.8,35.8,"Poor hitter, decent fielder, awful attention makes him a risk at catcher",,4,3,6,10
196,TAKEN,92,Michiko Adachi,60,43,30,4,80,100,48,2,80,39,29,35,48,45,23,0,74,0,21,10,0,0,65,39,35,Right,Right,Girl,,,,,31,32,57,34,34,3B / SS,21,48,50,21,73,,-21,3,7,163,42,33.3,1,2,0,279,0.0,0.0,24,2,0,279,0.0,0.0,-50,2,25,85,69.5,55.6,"Poor hitter with some pop, decent fielder, can play corner infield well",,5,4,3,9
196,TAKEN,142,Nate Kowalski,60,43,30,4,80,100,48,2,80,39,29,35,48,45,23,0,74,0,21,10,0,65,65,39,35,Right,Right,Boy,,,,,31,32,57,34,34,3B / SS,21,48,50,21,73,,-21,3,7,163,42,33.3,1,2,0,279,0.0,0.0,24,2,0,279,0.0,0.0,-50,2,25,85,69.5,55.6,"Poor hitter with some pop, decent fielder, can play corner infield well",,5,4,3,9
198,TAKEN,225,Rose Fluegel,75,85,17,3,80,39,62,2,50,11,94,43,79,53,60,75,12,0,65,0,73,0,0,65,48,Right,Right,Girl,,,,,38,21,42,61,61,2B / C,7,26,32,4,68,,-29,3,10,144,48,38.7,-36,2,18,99,64.5,51.6,-51,2,26,59,78.9,63.1,12,2,0,279,0.0,0.0,"Good hitter but will never score, good relief pitcher, min speed, awful attention",,9,2,5,5
199,TAKEN,88,Linda Potter,31,58,56,5,78,50,1,2,60,78,71,69,27,79,60,65,0,0,62,0,85,85,0,57,41,Right,Right,Girl,,,,,22,46,64,62,62,P / 3B,33,60,60,43,71,,-55,3,19,64,77,61.6,-36,2,18,99,64.5,51.6,-41,2,21,110,60.6,48.5,24,2,0,279,0.0,0.0,"Good late round fielder, good relief pitcher, awful eyesight",,5,6,7,5
199,TAKEN,138,Johnny Omar,31,58,56,5,78,50,1,2,60,78,71,69,27,79,60,65,0,0,62,0,85,0,0,57,41,Right,Right,Boy,,,,,22,46,64,62,62,P / 3B,33,60,60,43,71,,-55,3,19,64,77,61.6,-36,2,18,99,64.5,51.6,-41,2,21,110,60.6,48.5,24,2,0,279,0.0,0.0,"Good late round fielder, good relief pitcher, awful eyesight",,5,6,7,5
201,TAKEN,69,Diana Hayes,34,62,52,5,64,48,95,2,20,50,56,94,58,86,21,78,0,0,81,0,58,0,0,0,71,Right,Right,Girl,,,,,23,46,43,70,80,P / 2B,43,41,45,29,58,,-62,2,31,7,97,97.5,3,2,0,279,0.0,0.0,-54,2,27,51,81.7,65.4,24,2,0,279,0.0,0.0,"Good pitching, okay fielding, not bad for a pitching rotation",,5,6,7,4
201,TAKEN,70,Esther French,34,62,52,5,64,48,95,2,20,50,56,94,58,86,21,78,0,0,81,0,58,0,0,0,71,Right,Right,Girl,,,,,23,46,43,70,80,P / 2B,43,41,45,29,58,,-62,2,31,7,97,97.5,3,2,0,279,0.0,0.0,-54,2,27,51,81.7,65.4,24,2,0,279,0.0,0.0,"Good pitching, okay fielding, not bad for a pitching rotation",,5,6,7,4
201,TAKEN,119,Chris Milton,34,62,52,5,64,48,95,2,20,50,56,94,58,86,21,78,0,0,0,81,0,58,0,0,71,Right,Right,Boy,,,,,23,46,43,70,80,P / 2B,43,41,45,29,58,,-62,2,31,7,97,97.5,3,2,0,279,0.0,0.0,-54,2,27,51,81.7,65.4,24,2,0,279,0.0,0.0,"Good pitching, okay fielding, not bad for a pitching rotation",,5,6,7,4
201,DROP,120,Chucky Flinder,34,62,52,5,64,48,95,2,20,50,56,94,58,86,21,78,0,0,0,81,0,58,0,0,71,Right,Right,Boy,,,,,23,46,43,70,80,P / 2B,43,41,45,29,58,,-62,2,31,7,97,97.5,3,2,0,279,0.0,0.0,-54,2,27,51,81.7,65.4,24,2,0,279,0.0,0.0,"Good pitching, okay fielding, not bad for a pitching rotation",,5,6,7,4
205,205,206,Jose Meisenheimer,81,43,2,3,62,50,81,2,80,90,53,14,93,60,86,70,88,89,0,31,41,0,0,0,27,Right,Right,Boy,,,,,42,21,15,83,83,P / 2B,5,19,21,15,52,,-36,4,9,150,46,23.1,-62,2,31,27,90.3,72.3,-46,2,23,87,68.8,55.1,-64,2,32,25,91.0,72.8,"Good hitter but will never score, top tier pitcher, min speed",,7,1,8,8
206,TAKEN,200,Daniel Willis,51,53,52,5,68,23,20,2,10,87,90,4,86,25,29,93,22,0,0,0,78,56,56,0,100,Left,Left,Boy,,,,,45,46,43,45,45,2B / 3B,32,47,50,38,59,,-1,4,1,217,22,11.1,-5,2,3,197,29.4,23.5,-69,2,35,19,93.2,74.6,2,2,0,279,0.0,0.0,"Decent hitter, okay infielder",,5,6,2,1
207,TAKEN,209,Matthew La Cruz,53,53,57,5,62,18,32,2,40,16,69,58,38,27,38,12,0,0,0,0,35,0,0,0,75,Right,Right,Boy,,,,,46,46,34,19,19,2B / 3B,34,32,35,25,54,,-3,3,1,217,22,17.8,-14,2,7,168,39.8,31.8,12,2,0,279,0.0,0.0,24,2,0,279,0.0,0.0,"Decent hitter, doesn't really excel at any position defensively",,5,6,1,3
208,TAKEN,112,Andres Ibsen,72,32,24,4,74,75,33,2,20,56,64,31,47,55,35,44,34,58,58,53,59,0,0,86,84,Right,Right,Boy,,,,,32,32,32,38,38,3B / 2B,18,37,38,20,64,,-31,3,11,138,51,40.4,-11,2,6,175,37.3,29.8,-20,2,10,176,36.9,29.5,-10,2,5,174,37.6,30.1,"Lackluster hitter, lackluster defender, has some pop and a good arm",,6,3,3,3
209,209,135,Jack Joseph,46,25,61,6,18,66,54,2,100,41,37,14,95,67,32,45,89,0,0,60,33,0,45,56,0,Right,Right,Boy,,,,,30,60,32,55,61,OF,53,20,19,37,32,,-43,4,11,138,51,25.3,-8,2,4,190,31.9,25.5,-21,2,11,165,40.9,32.7,-65,2,33,23,91.8,73.4,"Extremely budget outfielder, decent eyesight, okay relief pitching",,3,7,5,8
209,TAKEN,85,Lara Nunez,46,25,61,6,18,66,54,2,100,41,37,14,95,67,32,45,89,0,60,33,0,45,56,56,0,Right,Right,Girl,,,,,30,60,32,55,61,OF,53,20,19,37,32,,-43,4,11,138,51,25.3,-8,2,4,190,31.9,25.5,-21,2,11,165,40.9,32.7,-65,2,33,23,91.8,73.4,"Extremely budget outfielder, decent eyesight, okay relief pitching",,3,7,5,8
211,TAKEN,24,Reese Worthington,46,25,72,6,18,66,74,2,100,41,90,14,95,67,32,27,89,0,60,44,0,86,39,0,0,Right,Right,Boy,May,25,Big Toe,,30,60,33,50,58,OF,55,20,19,37,32,,-43,4,11,138,51,25.3,-8,2,4,190,31.9,25.5,-3,2,2,212,24.0,19.2,-65,2,33,23,91.8,73.4,"Extremely budget outfielder, good eyesight is always useful",,3,8,4,9
212,TAKEN,75,Heather Quinn,54,100,24,4,62,94,82,2,70,66,65,38,78,35,50,48,26,62,0,0,0,0,0,0,85,Right,Right,Girl,,,,,38,32,25,43,43,2B / 3B,23,25,29,23,55,,-11,3,4,182,35,27.8,-26,2,13,123,55.9,44.7,-24,2,12,155,44.4,35.6,-2,2,1,208,25.4,20.4,"Decent line drive hitter, slow, not really good anywhere defensively",,10,3,3,9
212,TAKEN,125,Felix Grant,54,100,24,4,62,94,82,2,70,66,65,38,78,35,50,48,26,62,62,0,0,0,0,0,85,Right,Right,Boy,,,,,38,32,25,43,43,2B / 3B,23,25,29,23,55,,-11,3,4,182,35,27.8,-26,2,13,123,55.9,44.7,-24,2,12,155,44.4,35.6,-2,2,1,208,25.4,20.4,"Decent line drive hitter, slow, not really good anywhere defensively",,10,3,3,9
214,TAKEN,190,Vanessa Goodman,65,28,67,6,18,82,5,2,10,38,57,4,51,51,72,20,75,60,33,0,45,56,0,53,0,Right,Right,Girl,,,,,37,60,26,57,57,OF,40,17,16,32,31,,-27,4,7,163,42,20.8,-48,2,24,62,77.8,62.2,4,2,0,279,0.0,0.0,-51,2,26,75,73.1,58.5,"Okay hitter, poor fielder, okay relief pitcher, poor stamina and ey emakes her hard to use",,5,7,4,1
215,TAKEN,90,Marianna Rauf,80,36,37,4,34,85,71,2,100,18,63,65,63,12,60,58,66,85,80,0,0,0,0,0,0,Right,Right,Girl,,,,,44,32,9,60,60,2B,14,8,8,7,36,,12,3,0,279,0,0.0,-36,2,18,99,64.5,51.6,-34,2,17,128,54.1,43.3,-42,2,21,109,60.9,48.7,"Good late round power, atrocious fielding, decent relief pitcher, poor attention",,7,4,6,10
216,TAKEN,140,Mickey O'Connor,80,36,37,4,34,85,71,2,100,18,53,65,63,12,60,58,66,85,80,0,0,0,0,0,0,Right,Right,Boy,,,,,44,32,9,60,60,2B,14,8,8,7,36,,12,3,0,279,0,0.0,-36,2,18,99,64.5,51.6,-34,2,17,128,54.1,43.3,-42,2,21,109,60.9,48.7,"Good late round power, atrocious fielding, decent relief pitcher, poor attention",,7,4,6,10
217,217,194,Billy Mendelson,59,47,58,5,18,14,66,2,20,30,9,15,59,40,75,85,60,0,47,67,86,35,35,0,0,Right,Right,Boy,,,,,50,46,14,77,77,P,27,7,7,15,25,,-16,4,4,182,35,17.4,-51,2,26,47,83.2,66.5,-61,2,31,32,88.5,70.8,-36,2,18,111,60.2,48.2,"Competent hitter, good pitcher, terrible fielder",,5,6,6,1
218,218,215,Randolph Glueckert,75,85,17,3,48,39,90,2,90,11,74,74,74,28,45,0,75,0,65,0,73,0,0,65,48,Right,Right,Boy,,,,,39,21,4,48,49,2B,4,5,5,1,40,,-4,3,2,208,25,20.4,-21,2,11,142,49.1,39.3,24,2,0,279,0.0,0.0,-51,2,26,75,73.1,58.5,"Good hitter but will never score, mediocre relief pitcher, min speed, awful attention",,9,2,5,9
219,219,182,Mamie Skiumsby,56,79,34,4,26,57,24,2,100,89,26,29,30,86,70,88,0,0,0,0,33,58,36,0,0,Left,Left,Girl,,,,,35,32,12,77,77,P,7,10,10,21,32,,-62,3,21,51,82,65.4,-46,2,23,64,77.1,61.6,-64,2,32,28,90.0,72.0,24,2,0,279,0.0,0.0,"Very good pitcher, sort of okay hitter, atrocious fielder",,8,4,6,7
220,TAKEN,170,Esmarelda Heimann,19,10,20,4,94,61,91,2,20,38,56,36,72,75,85,60,47,0,0,0,35,0,0,0,75,Right,Right,Girl,,,,,3,32,59,69,69,C,31,61,62,21,82,,-51,3,17,78,72,57.6,-61,2,31,27,90.3,72.3,-36,2,18,115,58.8,47.0,-23,2,12,141,49.5,39.6,"Good pitcher with a strong arm, unusable offensively",,1,3,7,5
221,221,168,Ellen Martinez,26,88,39,4,86,36,46,2,60,84,68,60,32,25,45,10,45,81,0,58,0,0,0,43,0,Right,Right,Girl,,,,,12,32,53,38,38,C,22,56,58,30,74,,-1,3,1,217,22,17.8,-21,2,11,142,49.1,39.3,14,2,0,279,0.0,0.0,-21,2,11,151,45.9,36.7,"Decent fielder, awful hitter, basically only good at catcher",,7,4,3,6
222,222,66,Clarice Reid,41,22,76,6,0,69,28,2,60,78,79,68,77,0,26,90,75,49,0,63,61,0,100,100,70,Left,Left,Girl,,,,,28,60,30,62,62,P,42,18,17,42,28,,24,3,0,279,0,0.0,-2,2,1,215,22.9,18.4,-66,2,33,27,90.3,72.3,-51,2,26,75,73.1,58.5,"Okay relief pitching, worst arm in the game, poor hitter",,2,8,6,4
222,222,116,Carlos Ocampo,41,22,76,6,0,69,28,2,60,78,79,68,77,0,26,90,75,49,49,0,63,61,0,100,70,Left,Left,Boy,,,,,28,60,30,62,62,P,42,18,17,42,28,,24,3,0,279,0,0.0,-2,2,1,215,22.9,18.4,-66,2,33,27,90.3,72.3,-51,2,26,75,73.1,58.5,"Okay relief pitching, worst arm in the game, poor hitter",,2,8,6,4
224,224,5,Gretchen Hasselhoff,41,22,76,6,0,69,28,2,60,78,39,68,77,0,26,89,73,49,0,63,61,0,0,100,49,Left,Left,Girl,May,31,Jabberjaw,,28,60,30,61,61,P,42,18,17,42,28,,24,3,0,279,0,0.0,-2,2,1,215,22.9,18.4,-65,2,33,27,90.3,72.3,-49,2,25,85,69.5,55.6,"Okay relief pitching, worst arm in the game, poor hitter",,2,8,6,4
225,225,187,Tatiana Jackson,23,90,69,6,28,100,24,2,50,4,91,98,10,35,61,34,25,62,0,85,85,0,34,29,15,Left,Left,Girl,,,,,25,60,30,47,57,OF,47,21,20,30,39,,-11,2,6,166,41,40.5,-37,2,19,84,69.9,55.9,-10,2,5,197,29.4,23.5,-1,2,1,208,25.4,20.4,"Terrible hitter, mediocre relief pitcher, has very high stamina",,7,7,6,5
226,226,231,Thor Herring,22,51,7,3,98,36,31,2,30,63,43,30,48,6,100,58,66,15,12,0,78,26,26,62,0,Left,Left,Boy,,,,,3,21,48,70,70,C / P,5,52,57,15,78,,18,3,0,279,0,0.0,-76,2,38,15,94.6,75.7,-34,2,17,128,54.1,43.3,-42,2,21,109,60.9,48.7,"Good pitcher with a strong arm, unusable offensively, min speed",,3,1,6,3
227,227,106,Tiffany Bosworth,32,74,35,4,58,90,59,2,80,69,43,70,54,85,67,52,85,34,29,15,60,60,0,41,65,Right,Right,Girl,,,,,10,32,22,74,74,P / 2B,19,21,22,24,53,,-61,3,21,51,82,65.4,-43,2,22,75,73.1,58.5,-28,2,14,136,51.3,41.0,-61,2,31,44,84.2,67.4,"Good pitcher, not really good for any other role",,6,4,10,9
227,227,156,Todd Xavier,32,74,35,4,58,90,59,2,80,69,43,70,54,85,67,52,85,34,29,15,60,0,0,41,65,Right,Right,Boy,,,,,10,32,22,74,74,P / 2B,19,21,22,24,53,,-61,3,21,51,82,65.4,-43,2,22,75,73.1,58.5,-28,2,14,136,51.3,41.0,-61,2,31,44,84.2,67.4,"Good pitcher, not really good for any other role",,6,4,10,9
229,229,163,Angelique Harding,31,50,23,4,70,73,21,2,90,57,48,81,71,100,73,60,30,0,0,57,67,28,32,32,62,Right,Right,Girl,,,,,8,32,27,71,79,P / 3B,15,31,35,25,60,,-76,3,26,22,92,73.7,-49,2,25,55,80.3,64.2,-36,2,18,115,58.8,47.0,-6,2,3,182,34.8,27.8,"Good pitcher, has a decent arm, awful hitter",,4,3,9,8
230,230,164,Catherine Asher,39,69,36,4,42,46,28,2,50,33,49,98,70,74,48,41,79,50,79,0,0,54,0,0,0,Left,Left,Girl,,,,,16,32,11,75,89,P,10,12,12,9,39,,-50,2,25,24,91,91.4,-24,2,12,128,54.1,43.3,-17,2,9,180,35.5,28.4,-55,2,28,59,78.9,63.1,"Good pitcher, high stamina, bad at everything else",,6,4,9,4
231,231,195,Brad Bender,33,35,37,4,82,26,7,2,90,100,16,22,53,100,12,0,38,34,29,15,60,0,0,41,65,Right,Right,Boy,,,,,6,32,49,38,38,3B / C,15,55,58,34,70,,-76,3,26,22,92,73.7,12,2,0,279,0.0,0.0,24,2,0,279,0.0,0.0,-14,2,7,166,40.5,32.4,"Okay fielder with a good arm, horrendous batter",,2,4,2,7
232,TAKEN,175,Heidi Thurman,34,14,19,3,98,37,95,2,30,16,69,24,79,6,8,56,57,19,23,90,0,82,0,0,45,Right,Right,Girl,,,,,3,21,46,38,38,C,14,48,53,5,77,,18,3,0,279,0,0.0,16,2,0,279,0.0,0.0,-32,2,16,131,53.0,42.4,-33,2,17,113,59.5,47.6,"Good catcher, terrible hitter, min speed, awful attention",,1,2,1,5
233,233,224,Berit Greenwalt,25,27,4,3,92,53,95,2,90,6,93,27,52,28,68,31,40,19,23,90,0,82,0,0,45,Right,Right,Girl,,,,,1,21,42,49,49,C,12,38,43,5,74,,-4,3,2,208,25,20.4,-44,2,22,75,73.1,58.5,-7,2,4,199,28.7,22.9,-16,2,8,154,44.8,35.8,"Good but not excellent catcher, unusable offensively, min speed, awful attention",,1,1,3,10
234,234,134,Isaac Drummond,57,49,27,4,56,71,49,2,90,39,68,92,11,72,10,68,27,18,18,0,38,76,78,57,21,Left,Left,Boy,,,,,29,32,18,61,74,P,16,18,20,17,49,,-48,2,24,30,89,89.2,14,2,0,279,0.0,0.0,-44,2,22,102,63.4,50.8,-3,2,2,195,30.1,24.1,"Decent pitcher, bad at everything else",,5,3,7,9
235,235,84,Krissy Mulligan,57,49,27,4,56,71,49,2,90,39,48,92,11,72,10,68,27,18,0,38,76,78,57,57,21,Left,Left,Girl,,,,,29,32,18,61,74,P,16,18,20,17,49,,-48,2,24,30,89,89.2,14,2,0,279,0.0,0.0,-44,2,22,102,63.4,50.8,-3,2,2,195,30.1,24.1,"Decent pitcher, bad at everything else",,5,3,7,9
236,236,211,Melvin Berger,50,43,45,5,22,12,55,2,40,10,30,16,27,60,0,72,80,0,18,96,0,0,0,0,100,Right,Right,Boy,,,,,27,46,13,57,64,P,26,7,6,12,27,,-36,4,9,150,46,23.1,24,2,0,279,0.0,0.0,-48,2,24,83,70.3,56.2,-56,2,28,59,78.9,63.1,"Meh hitter, decent relief pitcher, terrible fielder",,4,5,4,2
237,237,103,Stacy Gordon,64,72,20,4,62,87,1,2,30,35,79,78,38,53,38,82,0,0,0,100,63,63,28,32,0,Left,Left,Girl,,,,,23,32,17,54,63,2B / P,10,22,23,13,54,,-29,3,10,144,48,38.7,-14,2,7,168,39.8,31.8,-58,2,29,43,84.6,67.7,24,2,0,279,0.0,0.0,"Okay relief pitcher, okay hitter, not good enough in any category",,7,3,6,3
238,238,153,Stevie Lindt,64,72,20,4,62,87,1,2,30,35,59,78,38,53,38,82,0,0,0,100,63,28,28,32,0,Left,Left,Boy,,,,,23,32,17,54,63,2B / P,10,22,23,13,54,,-29,3,10,144,48,38.7,-14,2,7,168,39.8,31.8,-58,2,29,43,84.6,67.7,24,2,0,279,0.0,0.0,"Okay relief pitcher, okay hitter, not good enough in any category",,7,3,6,3
238.1,TAKEN,23.3,Marky (on Sox),57,30,37,4,56,35,30,3,40,30,48,50,11,72,10,68,27,18,0,38,76,0,78,57,21,Left,Left,Boy,Sep,6,Cootie,,26,32,32,49,49,1B,18,25,21,63,48,,-48,3,16,91,67,53.9,14,2,0,279,0.0,0.0,-44,2,22,102,63.4,50.8,-3,2,2,195,30.1,24.1,Absolutely no reason to do this to yourself,,4,4,5,3
239,239,62,Amy Bostwick,72,32,14,3,74,75,33,2,20,56,64,31,47,55,35,44,34,58,53,59,0,0,86,86,84,Right,Right,Girl,,,,,23,21,16,38,38,2B / 3B,4,23,28,7,62,,-31,3,11,138,51,40.4,-11,2,6,175,37.3,29.8,-20,2,10,176,36.9,29.5,-10,2,5,174,37.6,30.1,"Has some power and a decent arm, min speed",,6,2,3,3
240,240,193,Alan Hulsman,33,80,30,4,48,31,90,2,10,47,90,67,1,60,85,68,79,23,0,25,75,0,0,30,28,Right,Right,Boy,,,,,10,32,15,78,78,P,20,14,14,11,42,,-36,3,12,126,55,43.9,-61,2,31,27,90.3,72.3,-44,2,22,102,63.4,50.8,-55,2,28,59,78.9,63.1,"Very good pitcher, awful at everything else",,7,4,10,2
241,TAKEN,230,Umberto Anders,50,58,13,3,50,60,19,2,90,20,29,3,2,60,86,70,88,80,34,36,12,0,0,29,15,Right,Right,Boy,,,,,20,21,4,83,83,P,1,5,6,3,42,,-36,4,9,150,46,23.1,-62,2,31,27,90.3,72.3,-46,2,23,87,68.8,55.1,-64,2,32,25,91.0,72.8,"Extremely good pitcher, mediocre hitter, bottom tier fielder, awful stamina, min speed",,5,2,7,7
242,242,198,Cameron Haines,16,17,59,5,62,51,78,2,10,98,23,27,15,53,60,75,12,0,53,0,80,12,12,77,0,Right,Right,Boy,,,,,5,46,42,61,61,2B / 3B,38,42,48,39,56,,-29,3,10,144,48,38.7,-36,2,18,99,64.5,51.6,-51,2,26,59,78.9,63.1,12,2,0,279,0.0,0.0,"Lackluster fielder, atrocious hitter, decent relief pitcher",,1,6,4,2
243,243,213,Peter Levine,65,21,18,3,60,75,37,2,80,93,70,43,43,100,56,74,48,0,75,15,33,0,15,50,0,Right,Right,Boy,,,,,17,21,14,69,69,P,3,16,19,16,51,,-76,3,26,22,92,73.7,-32,2,16,108,61.3,49.0,-50,2,25,77,72.4,57.9,-24,2,12,141,49.5,39.6,"Good pitcher, okay power but still poor offensively, awful fielder, min speed",,5,2,8,8
244,244,74,Hannah Peavy,38,96,44,5,48,19,49,2,90,100,82,1,36,41,14,48,19,78,86,81,0,91,70,70,100,Right,Right,Girl,,,,,19,46,34,21,21,2B,34,28,31,41,45,,-17,4,5,177,37,18.3,10,2,0,279,0.0,0.0,-24,2,12,155,44.4,35.6,5,2,0,279,0.0,0.0,"Poor defender, okay contact hitter but lacks any speed or power",,9,5,1,7
244,244,124,Eric Lebeaux,38,96,44,5,48,19,49,2,90,100,82,1,36,41,14,48,19,78,78,86,81,0,91,70,100,Right,Right,Boy,,,,,19,46,34,21,21,2B,34,28,31,41,45,,-17,4,5,177,37,18.3,10,2,0,279,0.0,0.0,-24,2,12,155,44.4,35.6,5,2,0,279,0.0,0.0,"Poor defender, okay contact hitter but lacks any speed or power",,9,5,1,7
246,246,196,Buddy Martin,35,26,34,4,78,60,79,2,50,35,42,63,34,74,48,27,45,52,38,23,49,78,78,0,0,Right,Right,Boy,,,,,5,32,32,53,53,3B / SS,26,40,43,18,68,,-50,3,17,78,72,57.6,-24,2,12,128,54.1,43.3,-3,2,2,212,24.0,19.2,-21,2,11,151,45.9,36.7,"Decent arm but still lackluster fielder, okay relief pitcher, atrocious hitter",,2,4,6,6
247,247,220,Walter Hall,50,58,13,3,28,60,63,2,20,20,55,100,90,25,29,93,22,80,34,36,12,0,0,29,15,Right,Right,Boy,,,,,20,21,2,51,51,P,2,2,2,0,29,,-1,2,1,217,22,22.2,-5,1,5,186,33.3,33.3,-69,1,69,4,98.6,98.6,2,1,0,279,0.0,0.0,"Has one extremely good pitch (left hook), bottom tier fielder, mediore hitter, min speed",,5,2,7,2
248,248,203,Guiseppe Pachasa,26,95,56,5,18,23,68,2,20,96,4,37,2,12,80,28,50,50,79,0,0,54,0,0,0,Left,Left,Boy,,,,,10,46,21,54,54,P,29,14,13,29,27,,12,3,0,279,0,0.0,-56,2,28,44,84.2,67.4,-4,2,2,212,24.0,19.2,-26,2,13,127,54.5,43.6,"Can sort of relief pitch, not good at anything else",,8,6,4,1
249,249,174,Gloria Keitel,64,24,11,3,54,88,19,2,100,49,17,82,54,60,75,12,0,0,75,15,33,0,15,50,0,Right,Right,Girl,,,,,17,21,12,42,53,2B,3,11,13,6,47,,-36,3,12,126,55,43.9,-51,2,26,47,83.2,66.5,12,2,0,279,0.0,0.0,24,2,0,279,0.0,0.0,"Has some kind of pop, awful at everything else, min speed",,5,2,5,9
250,250,167,Dana Sekula,53,16,22,4,38,61,75,2,40,53,61,71,1,62,20,23,38,89,0,31,41,0,0,0,27,Left,Left,Girl,,,,,19,32,12,29,29,2B,15,10,12,12,38,,-38,3,13,115,59,47.0,4,2,0,279,0.0,0.0,1,2,0,279,0.0,0.0,-14,2,7,166,40.5,32.4,"Can hit to the outfield, awful fielder",,3,3,4,4
250.1,TAKEN,16.1,Ronny (w/ Sally),56,14,20,4,48,38,15,1,20,15,41,42,50,62,26,44,38,39,0,65,0,70,73,0,0,Right,Right,Boy,Aug,10,Spud,,19,32,3,41,41,2B / C,4,0,4,0,42,,-38,3,13,115,59,47.0,-2,2,1,215,22.9,18.4,-20,2,10,176,36.9,29.5,-14,2,7,166,40.5,32.4,Not considered worthwhile since Ronny Dobbs becomes totally useless with Sally,,4,3,4,1
251,251,191,Victoria Shamberg,34,23,56,5,24,26,48,2,20,27,91,29,32,70,35,44,0,27,0,0,0,50,37,56,50,Left,Left,Girl,,,,,16,46,16,43,43,2B,26,10,9,17,29,,-46,3,16,91,67,53.9,-11,2,6,175,37.3,29.8,-20,2,10,176,36.9,29.5,24,2,0,279,0.0,0.0,"Isn't one of the slowest players in the game, mediocre relief pitcher",,2,6,3,1
252,252,186,Samantha Winslow,30,80,37,4,48,78,62,2,90,68,10,10,85,41,29,71,52,43,0,33,33,56,0,47,67,Right,Right,Girl,,,,,12,32,17,52,53,2B,17,16,16,20,45,,-17,4,5,177,37,18.3,-5,2,3,197,29.4,23.5,-47,2,24,83,70.3,56.2,-28,2,14,120,57.0,45.6,Decent relief pitcher,,7,4,3,9
253,253,223,Kendra Yarbrough,65,21,18,3,20,75,79,2,10,93,90,87,20,74,48,27,45,0,75,15,33,0,15,50,0,Right,Right,Girl,,,,,17,21,3,64,64,P,3,1,2,4,24,,-50,2,25,24,91,91.4,-24,2,12,128,54.1,43.3,-3,2,2,212,24.0,19.2,-21,2,11,151,45.9,36.7,"Has some kind of pop, bottom tier fielder, good relief pitcher, min speed",,5,2,7,2
254,254,108,Vanna Steinman,36,61,26,4,30,30,76,2,90,58,72,12,82,12,100,56,27,28,87,35,0,0,45,75,12,Right,Right,Girl,,,,,11,32,11,59,59,P,12,9,10,14,33,,12,4,0,279,0,0.0,-76,2,38,15,94.6,75.7,-32,2,16,131,53.0,42.4,-3,2,2,195,30.1,24.1,"Okay relief pitcher, bad at everything else",,5,3,3,7
254,254,158,Vladimir Womak,36,61,26,4,30,30,76,2,90,58,72,12,82,12,100,56,27,28,87,35,0,45,45,75,12,Right,Right,Boy,,,,,11,32,11,59,59,P,12,9,10,14,33,,12,4,0,279,0,0.0,-76,2,38,15,94.6,75.7,-32,2,16,131,53.0,42.4,-3,2,2,195,30.1,24.1,"Okay relief pitcher, bad at everything else",,5,3,3,7
256,256,165,Clair Nelson,43,22,38,4,36,70,2,2,10,44,65,67,23,28,50,60,56,0,63,61,0,100,18,18,0,Right,Right,Girl,,,,,12,32,7,57,57,P,4,8,9,8,35,,-4,3,2,208,25,20.4,-26,2,13,123,55.9,44.7,-36,2,18,115,58.8,47.0,-32,2,16,119,57.3,45.9,"Okay relief pitcher, bad at everything else",,3,4,6,1
257,257,199,Chandler Huggins,39,58,20,4,40,61,76,2,100,6,11,43,87,62,6,8,56,37,56,50,0,78,78,80,0,Right,Right,Boy,,,,,11,32,11,35,35,2B / P,18,9,9,6,37,,-38,3,13,115,59,47.0,18,2,0,279,0.0,0.0,16,2,0,279,0.0,0.0,-32,2,16,119,57.3,45.9,"Isn't min speed, bad at almost everything else",,5,3,3,9
258,258,83,Katie Shankar,25,27,36,4,26,15,29,2,90,50,23,78,70,16,33,93,0,0,0,0,0,33,58,58,59,Right,Right,Girl,,,,,4,32,7,42,42,P,7,6,6,10,30,,8,3,0,279,0,0.0,-9,2,5,186,33.3,26.7,-69,2,35,19,93.2,74.6,24,2,0,279,0.0,0.0,"Has one good pitch, bad at everything else",,1,4,5,6
258,258,133,Ibrahim Mohamed,25,27,36,4,26,15,29,2,90,50,23,78,70,16,33,93,0,0,0,0,0,0,33,58,59,Right,Right,Boy,,,,,4,32,7,42,42,P,7,6,6,10,30,,8,3,0,279,0,0.0,-9,2,5,186,33.3,26.7,-69,2,35,19,93.2,74.6,24,2,0,279,0.0,0.0,"Has one good pitch, bad at everything else",,1,4,5,6
260,260,221,Wayne Pitman,22,51,7,3,16,36,60,2,40,63,54,2,12,85,22,68,45,15,12,0,78,26,26,62,0,Left,Left,Boy,,,,,3,21,1,48,48,P,1,0,0,3,20,,-61,4,16,91,67,33.7,2,2,0,279,0.0,0.0,-44,2,22,102,63.4,50.8,-21,2,11,151,45.9,36.7,"Okay relief pitcher, tied worst fielder in the game, min speed",,3,1,4,3
261,261,178,Katelyn Cain,27,57,9,3,10,81,58,2,90,29,21,75,10,0,45,38,72,0,0,0,64,86,15,12,0,Right,Right,Girl,,,,,2,21,1,49,49,P,1,0,0,1,20,,24,3,0,279,0,0.0,-21,2,11,142,49.1,39.3,-14,2,7,191,31.5,25.2,-48,2,24,93,66.7,53.3,"Okay relief pitcher, tied worst fielder in the game, min speed",,4,1,5,8
262,262,204,Ivan King,21,16,2,3,30,17,38,2,10,39,49,3,21,48,100,8,10,0,63,61,0,100,18,18,0,Right,Right,Boy,,,,,1,21,2,38,38,P,1,3,3,1,29,,-24,4,6,166,41,20.3,-76,2,38,15,94.6,75.7,16,2,0,279,0.0,0.0,14,2,0,279,0.0,0.0,"Has one good pitch, bottom tier fielder, min speed",,1,1,2,1
263,263,214,Quentin Driver,25,27,4,3,34,24,1,2,60,6,23,1,94,74,22,0,50,19,23,90,0,82,0,0,45,Right,Right,Boy,,,,,1,21,2,28,28,2B,1,3,3,0,31,,-50,4,13,115,59,29.4,2,2,0,279,0.0,0.0,24,2,0,279,0.0,0.0,-26,2,13,127,54.5,43.6,"Not the worst at any individual thing but is the worst overall player, min speed",,1,1,1,3